"X","round","round_name","page_url","id","home.name","home.shortName","home.id","away.name","away.shortName","away.id","status.utcTime","status.finished","status.started","status.cancelled","status.scoreStr","status.reason.short","status.reason.shortKey","status.reason.long","status.reason.longKey"
1,NA,NA,"/match/1474065/matchfacts/liverpool-vs-stoke-city",1474065,"Liverpool","Liverpool",8650,"Stoke City","Stoke",10194,"2013-08-17T09:45:00.000Z",TRUE,TRUE,FALSE,"1 - 0","FT","fulltime_short","Full-Time","finished"
2,NA,NA,"/match/1474058/matchfacts/arsenal-vs-aston-villa",1474058,"Arsenal","Arsenal",9825,"Aston Villa","Aston Villa",10252,"2013-08-17T12:00:00.000Z",TRUE,TRUE,FALSE,"1 - 3","FT","fulltime_short","Full-Time","finished"
3,NA,NA,"/match/1474070/matchfacts/norwich-city-vs-everton",1474070,"Norwich City","Norwich",9850,"Everton","Everton",8668,"2013-08-17T12:00:00.000Z",TRUE,TRUE,FALSE,"2 - 2","FT","fulltime_short","Full-Time","finished"
4,NA,NA,"/match/1474077/matchfacts/sunderland-vs-fulham",1474077,"Sunderland","Sunderland",8472,"Fulham","Fulham",9879,"2013-08-17T12:00:00.000Z",TRUE,TRUE,FALSE,"0 - 1","FT","fulltime_short","Full-Time","finished"
5,NA,NA,"/match/1474083/matchfacts/west-bromwich-albion-vs-southampton",1474083,"West Bromwich Albion","West Brom",8659,"Southampton","Southampton",8466,"2013-08-17T12:00:00.000Z",TRUE,TRUE,FALSE,"0 - 1","FT","fulltime_short","Full-Time","finished"
6,NA,NA,"/match/1474085/matchfacts/west-ham-united-vs-cardiff-city",1474085,"West Ham United","West Ham",8654,"Cardiff City","Cardiff",8344,"2013-08-17T12:00:00.000Z",TRUE,TRUE,FALSE,"2 - 0","FT","fulltime_short","Full-Time","finished"
7,NA,NA,"/match/1474079/matchfacts/swansea-city-vs-manchester-united",1474079,"Swansea City","Swansea",10003,"Manchester United","Man United",10260,"2013-08-17T14:30:00.000Z",TRUE,TRUE,FALSE,"1 - 4","FT","fulltime_short","Full-Time","finished"
8,NA,NA,"/match/1474061/matchfacts/crystal-palace-vs-tottenham-hotspur",1474061,"Crystal Palace","Crystal Palace",9826,"Tottenham Hotspur","Tottenham",8586,"2013-08-18T10:30:00.000Z",TRUE,TRUE,FALSE,"0 - 1","FT","fulltime_short","Full-Time","finished"
9,NA,NA,"/match/1474059/matchfacts/chelsea-vs-hull-city",1474059,"Chelsea","Chelsea",8455,"Hull City","Hull",8667,"2013-08-18T13:00:00.000Z",TRUE,TRUE,FALSE,"2 - 0","FT","fulltime_short","Full-Time","finished"
10,NA,NA,"/match/1474068/matchfacts/manchester-city-vs-newcastle-united",1474068,"Manchester City","Man City",8456,"Newcastle United","Newcastle",10261,"2013-08-19T17:00:00.000Z",TRUE,TRUE,FALSE,"4 - 0","FT","fulltime_short","Full-Time","finished"
11,NA,NA,"/match/1474157/matchfacts/chelsea-vs-aston-villa",1474157,"Chelsea","Chelsea",8455,"Aston Villa","Aston Villa",10252,"2013-08-21T16:45:00.000Z",TRUE,TRUE,FALSE,"2 - 1","FT","fulltime_short","Full-Time","finished"
12,NA,NA,"/match/1474128/matchfacts/fulham-vs-arsenal",1474128,"Fulham","Fulham",9879,"Arsenal","Arsenal",9825,"2013-08-24T09:45:00.000Z",TRUE,TRUE,FALSE,"1 - 3","FT","fulltime_short","Full-Time","finished"
13,NA,NA,"/match/1474127/matchfacts/everton-vs-west-bromwich-albion",1474127,"Everton","Everton",8668,"West Bromwich Albion","West Brom",8659,"2013-08-24T12:00:00.000Z",TRUE,TRUE,FALSE,"0 - 0","FT","fulltime_short","Full-Time","finished"
14,NA,NA,"/match/1474130/matchfacts/hull-city-vs-norwich-city",1474130,"Hull City","Hull",8667,"Norwich City","Norwich",9850,"2013-08-24T12:00:00.000Z",TRUE,TRUE,FALSE,"1 - 0","FT","fulltime_short","Full-Time","finished"
15,NA,NA,"/match/1474136/matchfacts/newcastle-united-vs-west-ham-united",1474136,"Newcastle United","Newcastle",10261,"West Ham United","West Ham",8654,"2013-08-24T12:00:00.000Z",TRUE,TRUE,FALSE,"0 - 0","FT","fulltime_short","Full-Time","finished"
16,NA,NA,"/match/1474138/matchfacts/southampton-vs-sunderland",1474138,"Southampton","Southampton",8466,"Sunderland","Sunderland",8472,"2013-08-24T12:00:00.000Z",TRUE,TRUE,FALSE,"1 - 1","FT","fulltime_short","Full-Time","finished"
17,NA,NA,"/match/1474142/matchfacts/stoke-city-vs-crystal-palace",1474142,"Stoke City","Stoke",10194,"Crystal Palace","Crystal Palace",9826,"2013-08-24T12:00:00.000Z",TRUE,TRUE,FALSE,"2 - 1","FT","fulltime_short","Full-Time","finished"
18,NA,NA,"/match/1474125/matchfacts/aston-villa-vs-liverpool",1474125,"Aston Villa","Aston Villa",10252,"Liverpool","Liverpool",8650,"2013-08-24T14:30:00.000Z",TRUE,TRUE,FALSE,"0 - 1","FT","fulltime_short","Full-Time","finished"
19,NA,NA,"/match/1474126/matchfacts/cardiff-city-vs-manchester-city",1474126,"Cardiff City","Cardiff",8344,"Manchester City","Man City",8456,"2013-08-25T13:00:00.000Z",TRUE,TRUE,FALSE,"3 - 2","FT","fulltime_short","Full-Time","finished"
20,NA,NA,"/match/1474147/matchfacts/tottenham-hotspur-vs-swansea-city",1474147,"Tottenham Hotspur","Tottenham",8586,"Swansea City","Swansea",10003,"2013-08-25T13:00:00.000Z",TRUE,TRUE,FALSE,"1 - 0","FT","fulltime_short","Full-Time","finished"
21,NA,NA,"/match/1474133/matchfacts/manchester-united-vs-chelsea",1474133,"Manchester United","Man United",10260,"Chelsea","Chelsea",8455,"2013-08-26T17:00:00.000Z",TRUE,TRUE,FALSE,"0 - 0","FT","fulltime_short","Full-Time","finished"
22,NA,NA,"/match/1474165/matchfacts/manchester-city-vs-hull-city",1474165,"Manchester City","Man City",8456,"Hull City","Hull",8667,"2013-08-31T09:45:00.000Z",TRUE,TRUE,FALSE,"2 - 0","FT","fulltime_short","Full-Time","finished"
23,NA,NA,"/match/1474154/matchfacts/cardiff-city-vs-everton",1474154,"Cardiff City","Cardiff",8344,"Everton","Everton",8668,"2013-08-31T12:00:00.000Z",TRUE,TRUE,FALSE,"0 - 0","FT","fulltime_short","Full-Time","finished"
24,NA,NA,"/match/1474168/matchfacts/newcastle-united-vs-fulham",1474168,"Newcastle United","Newcastle",10261,"Fulham","Fulham",9879,"2013-08-31T12:00:00.000Z",TRUE,TRUE,FALSE,"1 - 0","FT","fulltime_short","Full-Time","finished"
25,NA,NA,"/match/1474170/matchfacts/norwich-city-vs-southampton",1474170,"Norwich City","Norwich",9850,"Southampton","Southampton",8466,"2013-08-31T12:00:00.000Z",TRUE,TRUE,FALSE,"1 - 0","FT","fulltime_short","Full-Time","finished"
26,NA,NA,"/match/1474172/matchfacts/west-ham-united-vs-stoke-city",1474172,"West Ham United","West Ham",8654,"Stoke City","Stoke",10194,"2013-08-31T12:00:00.000Z",TRUE,TRUE,FALSE,"0 - 1","FT","fulltime_short","Full-Time","finished"
27,NA,NA,"/match/1474159/matchfacts/crystal-palace-vs-sunderland",1474159,"Crystal Palace","Crystal Palace",9826,"Sunderland","Sunderland",8472,"2013-08-31T14:30:00.000Z",TRUE,TRUE,FALSE,"3 - 1","FT","fulltime_short","Full-Time","finished"
28,NA,NA,"/match/1474162/matchfacts/liverpool-vs-manchester-united",1474162,"Liverpool","Liverpool",8650,"Manchester United","Man United",10260,"2013-09-01T10:30:00.000Z",TRUE,TRUE,FALSE,"1 - 0","FT","fulltime_short","Full-Time","finished"
29,NA,NA,"/match/1474171/matchfacts/west-bromwich-albion-vs-swansea-city",1474171,"West Bromwich Albion","West Brom",8659,"Swansea City","Swansea",10003,"2013-09-01T10:30:00.000Z",TRUE,TRUE,FALSE,"0 - 2","FT","fulltime_short","Full-Time","finished"
30,NA,NA,"/match/1474151/matchfacts/arsenal-vs-tottenham-hotspur",1474151,"Arsenal","Arsenal",9825,"Tottenham Hotspur","Tottenham",8586,"2013-09-01T13:00:00.000Z",TRUE,TRUE,FALSE,"1 - 0","FT","fulltime_short","Full-Time","finished"
31,NA,NA,"/match/1474178/matchfacts/manchester-united-vs-crystal-palace",1474178,"Manchester United","Man United",10260,"Crystal Palace","Crystal Palace",9826,"2013-09-14T09:45:00.000Z",TRUE,TRUE,FALSE,"2 - 0","FT","fulltime_short","Full-Time","finished"
32,NA,NA,"/match/1474174/matchfacts/aston-villa-vs-newcastle-united",1474174,"Aston Villa","Aston Villa",10252,"Newcastle United","Newcastle",10261,"2013-09-14T12:00:00.000Z",TRUE,TRUE,FALSE,"1 - 2","FT","fulltime_short","Full-Time","finished"
33,NA,NA,"/match/1474176/matchfacts/fulham-vs-west-bromwich-albion",1474176,"Fulham","Fulham",9879,"West Bromwich Albion","West Brom",8659,"2013-09-14T12:00:00.000Z",TRUE,TRUE,FALSE,"1 - 1","FT","fulltime_short","Full-Time","finished"
34,NA,NA,"/match/1474177/matchfacts/hull-city-vs-cardiff-city",1474177,"Hull City","Hull",8667,"Cardiff City","Cardiff",8344,"2013-09-14T12:00:00.000Z",TRUE,TRUE,FALSE,"1 - 1","FT","fulltime_short","Full-Time","finished"
35,NA,NA,"/match/1474182/matchfacts/stoke-city-vs-manchester-city",1474182,"Stoke City","Stoke",10194,"Manchester City","Man City",8456,"2013-09-14T12:00:00.000Z",TRUE,TRUE,FALSE,"0 - 0","FT","fulltime_short","Full-Time","finished"
36,NA,NA,"/match/1474183/matchfacts/sunderland-vs-arsenal",1474183,"Sunderland","Sunderland",8472,"Arsenal","Arsenal",9825,"2013-09-14T12:00:00.000Z",TRUE,TRUE,FALSE,"1 - 3","FT","fulltime_short","Full-Time","finished"
37,NA,NA,"/match/1474185/matchfacts/tottenham-hotspur-vs-norwich-city",1474185,"Tottenham Hotspur","Tottenham",8586,"Norwich City","Norwich",9850,"2013-09-14T12:00:00.000Z",TRUE,TRUE,FALSE,"2 - 0","FT","fulltime_short","Full-Time","finished"
38,NA,NA,"/match/1474175/matchfacts/everton-vs-chelsea",1474175,"Everton","Everton",8668,"Chelsea","Chelsea",8455,"2013-09-14T14:30:00.000Z",TRUE,TRUE,FALSE,"1 - 0","FT","fulltime_short","Full-Time","finished"
39,NA,NA,"/match/1474180/matchfacts/southampton-vs-west-ham-united",1474180,"Southampton","Southampton",8466,"West Ham United","West Ham",8654,"2013-09-15T13:00:00.000Z",TRUE,TRUE,FALSE,"0 - 0","FT","fulltime_short","Full-Time","finished"
40,NA,NA,"/match/1474184/matchfacts/swansea-city-vs-liverpool",1474184,"Swansea City","Swansea",10003,"Liverpool","Liverpool",8650,"2013-09-16T17:00:00.000Z",TRUE,TRUE,FALSE,"2 - 2","FT","fulltime_short","Full-Time","finished"
41,NA,NA,"/match/1474206/matchfacts/norwich-city-vs-aston-villa",1474206,"Norwich City","Norwich",9850,"Aston Villa","Aston Villa",10252,"2013-09-21T09:45:00.000Z",TRUE,TRUE,FALSE,"0 - 1","FT","fulltime_short","Full-Time","finished"
42,NA,NA,"/match/1474197/matchfacts/liverpool-vs-southampton",1474197,"Liverpool","Liverpool",8650,"Southampton","Southampton",8466,"2013-09-21T12:00:00.000Z",TRUE,TRUE,FALSE,"0 - 1","FT","fulltime_short","Full-Time","finished"
43,NA,NA,"/match/1474202/matchfacts/newcastle-united-vs-hull-city",1474202,"Newcastle United","Newcastle",10261,"Hull City","Hull",8667,"2013-09-21T12:00:00.000Z",TRUE,TRUE,FALSE,"2 - 3","FT","fulltime_short","Full-Time","finished"
44,NA,NA,"/match/1474207/matchfacts/west-bromwich-albion-vs-sunderland",1474207,"West Bromwich Albion","West Brom",8659,"Sunderland","Sunderland",8472,"2013-09-21T12:00:00.000Z",TRUE,TRUE,FALSE,"3 - 0","FT","fulltime_short","Full-Time","finished"
45,NA,NA,"/match/1474208/matchfacts/west-ham-united-vs-everton",1474208,"West Ham United","West Ham",8654,"Everton","Everton",8668,"2013-09-21T12:00:00.000Z",TRUE,TRUE,FALSE,"2 - 3","FT","fulltime_short","Full-Time","finished"
46,NA,NA,"/match/1474193/matchfacts/chelsea-vs-fulham",1474193,"Chelsea","Chelsea",8455,"Fulham","Fulham",9879,"2013-09-21T14:30:00.000Z",TRUE,TRUE,FALSE,"2 - 0","FT","fulltime_short","Full-Time","finished"
47,NA,NA,"/match/1474187/matchfacts/arsenal-vs-stoke-city",1474187,"Arsenal","Arsenal",9825,"Stoke City","Stoke",10194,"2013-09-22T10:30:00.000Z",TRUE,TRUE,FALSE,"3 - 1","FT","fulltime_short","Full-Time","finished"
48,NA,NA,"/match/1474195/matchfacts/crystal-palace-vs-swansea-city",1474195,"Crystal Palace","Crystal Palace",9826,"Swansea City","Swansea",10003,"2013-09-22T10:30:00.000Z",TRUE,TRUE,FALSE,"0 - 2","FT","fulltime_short","Full-Time","finished"
49,NA,NA,"/match/1474191/matchfacts/cardiff-city-vs-tottenham-hotspur",1474191,"Cardiff City","Cardiff",8344,"Tottenham Hotspur","Tottenham",8586,"2013-09-22T13:00:00.000Z",TRUE,TRUE,FALSE,"0 - 1","FT","fulltime_short","Full-Time","finished"
50,NA,NA,"/match/1474200/matchfacts/manchester-city-vs-manchester-united",1474200,"Manchester City","Man City",8456,"Manchester United","Man United",10260,"2013-09-22T13:00:00.000Z",TRUE,TRUE,FALSE,"4 - 1","FT","fulltime_short","Full-Time","finished"
51,NA,NA,"/match/1474223/matchfacts/tottenham-hotspur-vs-chelsea",1474223,"Tottenham Hotspur","Tottenham",8586,"Chelsea","Chelsea",8455,"2013-09-28T09:45:00.000Z",TRUE,TRUE,FALSE,"1 - 1","FT","fulltime_short","Full-Time","finished"
52,NA,NA,"/match/1474209/matchfacts/aston-villa-vs-manchester-city",1474209,"Aston Villa","Aston Villa",10252,"Manchester City","Man City",8456,"2013-09-28T12:00:00.000Z",TRUE,TRUE,FALSE,"3 - 2","FT","fulltime_short","Full-Time","finished"
53,NA,NA,"/match/1474211/matchfacts/fulham-vs-cardiff-city",1474211,"Fulham","Fulham",9879,"Cardiff City","Cardiff",8344,"2013-09-28T12:00:00.000Z",TRUE,TRUE,FALSE,"1 - 2","FT","fulltime_short","Full-Time","finished"
54,NA,NA,"/match/1474212/matchfacts/hull-city-vs-west-ham-united",1474212,"Hull City","Hull",8667,"West Ham United","West Ham",8654,"2013-09-28T12:00:00.000Z",TRUE,TRUE,FALSE,"1 - 0","FT","fulltime_short","Full-Time","finished"
55,NA,NA,"/match/1474213/matchfacts/manchester-united-vs-west-bromwich-albion",1474213,"Manchester United","Man United",10260,"West Bromwich Albion","West Brom",8659,"2013-09-28T12:00:00.000Z",TRUE,TRUE,FALSE,"1 - 2","FT","fulltime_short","Full-Time","finished"
56,NA,NA,"/match/1474214/matchfacts/southampton-vs-crystal-palace",1474214,"Southampton","Southampton",8466,"Crystal Palace","Crystal Palace",9826,"2013-09-28T12:00:00.000Z",TRUE,TRUE,FALSE,"2 - 0","FT","fulltime_short","Full-Time","finished"
57,NA,NA,"/match/1474221/matchfacts/swansea-city-vs-arsenal",1474221,"Swansea City","Swansea",10003,"Arsenal","Arsenal",9825,"2013-09-28T14:30:00.000Z",TRUE,TRUE,FALSE,"1 - 2","FT","fulltime_short","Full-Time","finished"
58,NA,NA,"/match/1474216/matchfacts/stoke-city-vs-norwich-city",1474216,"Stoke City","Stoke",10194,"Norwich City","Norwich",9850,"2013-09-29T10:30:00.000Z",TRUE,TRUE,FALSE,"0 - 1","FT","fulltime_short","Full-Time","finished"
59,NA,NA,"/match/1474219/matchfacts/sunderland-vs-liverpool",1474219,"Sunderland","Sunderland",8472,"Liverpool","Liverpool",8650,"2013-09-29T13:00:00.000Z",TRUE,TRUE,FALSE,"1 - 3","FT","fulltime_short","Full-Time","finished"
60,NA,NA,"/match/1474210/matchfacts/everton-vs-newcastle-united",1474210,"Everton","Everton",8668,"Newcastle United","Newcastle",10261,"2013-09-30T17:00:00.000Z",TRUE,TRUE,FALSE,"3 - 2","FT","fulltime_short","Full-Time","finished"
61,NA,NA,"/match/1474234/matchfacts/manchester-city-vs-everton",1474234,"Manchester City","Man City",8456,"Everton","Everton",8668,"2013-10-05T09:45:00.000Z",TRUE,TRUE,FALSE,"3 - 1","FT","fulltime_short","Full-Time","finished"
62,NA,NA,"/match/1474224/matchfacts/cardiff-city-vs-newcastle-united",1474224,"Cardiff City","Cardiff",8344,"Newcastle United","Newcastle",10261,"2013-10-05T12:00:00.000Z",TRUE,TRUE,FALSE,"1 - 2","FT","fulltime_short","Full-Time","finished"
63,NA,NA,"/match/1474227/matchfacts/fulham-vs-stoke-city",1474227,"Fulham","Fulham",9879,"Stoke City","Stoke",10194,"2013-10-05T12:00:00.000Z",TRUE,TRUE,FALSE,"1 - 0","FT","fulltime_short","Full-Time","finished"
64,NA,NA,"/match/1474231/matchfacts/hull-city-vs-aston-villa",1474231,"Hull City","Hull",8667,"Aston Villa","Aston Villa",10252,"2013-10-05T12:00:00.000Z",TRUE,TRUE,FALSE,"0 - 0","FT","fulltime_short","Full-Time","finished"
65,NA,NA,"/match/1474233/matchfacts/liverpool-vs-crystal-palace",1474233,"Liverpool","Liverpool",8650,"Crystal Palace","Crystal Palace",9826,"2013-10-05T12:00:00.000Z",TRUE,TRUE,FALSE,"3 - 1","FT","fulltime_short","Full-Time","finished"
66,NA,NA,"/match/1474241/matchfacts/sunderland-vs-manchester-united",1474241,"Sunderland","Sunderland",8472,"Manchester United","Man United",10260,"2013-10-05T14:30:00.000Z",TRUE,TRUE,FALSE,"1 - 2","FT","fulltime_short","Full-Time","finished"
67,NA,NA,"/match/1474236/matchfacts/norwich-city-vs-chelsea",1474236,"Norwich City","Norwich",9850,"Chelsea","Chelsea",8455,"2013-10-06T10:30:00.000Z",TRUE,TRUE,FALSE,"1 - 3","FT","fulltime_short","Full-Time","finished"
68,NA,NA,"/match/1474238/matchfacts/southampton-vs-swansea-city",1474238,"Southampton","Southampton",8466,"Swansea City","Swansea",10003,"2013-10-06T10:30:00.000Z",TRUE,TRUE,FALSE,"2 - 0","FT","fulltime_short","Full-Time","finished"
69,NA,NA,"/match/1474244/matchfacts/tottenham-hotspur-vs-west-ham-united",1474244,"Tottenham Hotspur","Tottenham",8586,"West Ham United","West Ham",8654,"2013-10-06T13:00:00.000Z",TRUE,TRUE,FALSE,"0 - 3","FT","fulltime_short","Full-Time","finished"
70,NA,NA,"/match/1474245/matchfacts/west-bromwich-albion-vs-arsenal",1474245,"West Bromwich Albion","West Brom",8659,"Arsenal","Arsenal",9825,"2013-10-06T13:00:00.000Z",TRUE,TRUE,FALSE,"1 - 1","FT","fulltime_short","Full-Time","finished"
71,NA,NA,"/match/1474265/matchfacts/newcastle-united-vs-liverpool",1474265,"Newcastle United","Newcastle",10261,"Liverpool","Liverpool",8650,"2013-10-19T09:45:00.000Z",TRUE,TRUE,FALSE,"2 - 2","FT","fulltime_short","Full-Time","finished"
72,NA,NA,"/match/1474248/matchfacts/arsenal-vs-norwich-city",1474248,"Arsenal","Arsenal",9825,"Norwich City","Norwich",9850,"2013-10-19T12:00:00.000Z",TRUE,TRUE,FALSE,"4 - 1","FT","fulltime_short","Full-Time","finished"
73,NA,NA,"/match/1474254/matchfacts/chelsea-vs-cardiff-city",1474254,"Chelsea","Chelsea",8455,"Cardiff City","Cardiff",8344,"2013-10-19T12:00:00.000Z",TRUE,TRUE,FALSE,"4 - 1","FT","fulltime_short","Full-Time","finished"
74,NA,NA,"/match/1474260/matchfacts/everton-vs-hull-city",1474260,"Everton","Everton",8668,"Hull City","Hull",8667,"2013-10-19T12:00:00.000Z",TRUE,TRUE,FALSE,"2 - 1","FT","fulltime_short","Full-Time","finished"
75,NA,NA,"/match/1474262/matchfacts/manchester-united-vs-southampton",1474262,"Manchester United","Man United",10260,"Southampton","Southampton",8466,"2013-10-19T12:00:00.000Z",TRUE,TRUE,FALSE,"1 - 1","FT","fulltime_short","Full-Time","finished"
76,NA,NA,"/match/1474268/matchfacts/stoke-city-vs-west-bromwich-albion",1474268,"Stoke City","Stoke",10194,"West Bromwich Albion","West Brom",8659,"2013-10-19T12:00:00.000Z",TRUE,TRUE,FALSE,"0 - 0","FT","fulltime_short","Full-Time","finished"
77,NA,NA,"/match/1474270/matchfacts/swansea-city-vs-sunderland",1474270,"Swansea City","Swansea",10003,"Sunderland","Sunderland",8472,"2013-10-19T12:00:00.000Z",TRUE,TRUE,FALSE,"4 - 0","FT","fulltime_short","Full-Time","finished"
78,NA,NA,"/match/1474274/matchfacts/west-ham-united-vs-manchester-city",1474274,"West Ham United","West Ham",8654,"Manchester City","Man City",8456,"2013-10-19T14:30:00.000Z",TRUE,TRUE,FALSE,"1 - 3","FT","fulltime_short","Full-Time","finished"
79,NA,NA,"/match/1474250/matchfacts/aston-villa-vs-tottenham-hotspur",1474250,"Aston Villa","Aston Villa",10252,"Tottenham Hotspur","Tottenham",8586,"2013-10-20T13:00:00.000Z",TRUE,TRUE,FALSE,"0 - 2","FT","fulltime_short","Full-Time","finished"
80,NA,NA,"/match/1474256/matchfacts/crystal-palace-vs-fulham",1474256,"Crystal Palace","Crystal Palace",9826,"Fulham","Fulham",9879,"2013-10-21T17:00:00.000Z",TRUE,TRUE,FALSE,"1 - 4","FT","fulltime_short","Full-Time","finished"
81,NA,NA,"/match/1474294/matchfacts/crystal-palace-vs-arsenal",1474294,"Crystal Palace","Crystal Palace",9826,"Arsenal","Arsenal",9825,"2013-10-26T09:45:00.000Z",TRUE,TRUE,FALSE,"0 - 2","FT","fulltime_short","Full-Time","finished"
82,NA,NA,"/match/1474288/matchfacts/aston-villa-vs-everton",1474288,"Aston Villa","Aston Villa",10252,"Everton","Everton",8668,"2013-10-26T12:00:00.000Z",TRUE,TRUE,FALSE,"0 - 2","FT","fulltime_short","Full-Time","finished"
83,NA,NA,"/match/1474296/matchfacts/liverpool-vs-west-bromwich-albion",1474296,"Liverpool","Liverpool",8650,"West Bromwich Albion","West Brom",8659,"2013-10-26T12:00:00.000Z",TRUE,TRUE,FALSE,"4 - 1","FT","fulltime_short","Full-Time","finished"
84,NA,NA,"/match/1474298/matchfacts/manchester-united-vs-stoke-city",1474298,"Manchester United","Man United",10260,"Stoke City","Stoke",10194,"2013-10-26T12:00:00.000Z",TRUE,TRUE,FALSE,"3 - 2","FT","fulltime_short","Full-Time","finished"
85,NA,NA,"/match/1474306/matchfacts/norwich-city-vs-cardiff-city",1474306,"Norwich City","Norwich",9850,"Cardiff City","Cardiff",8344,"2013-10-26T12:00:00.000Z",TRUE,TRUE,FALSE,"0 - 0","FT","fulltime_short","Full-Time","finished"
86,NA,NA,"/match/1474307/matchfacts/southampton-vs-fulham",1474307,"Southampton","Southampton",8466,"Fulham","Fulham",9879,"2013-10-26T14:30:00.000Z",TRUE,TRUE,FALSE,"2 - 0","FT","fulltime_short","Full-Time","finished"
87,NA,NA,"/match/1474311/matchfacts/sunderland-vs-newcastle-united",1474311,"Sunderland","Sunderland",8472,"Newcastle United","Newcastle",10261,"2013-10-27T12:30:00.000Z",TRUE,TRUE,FALSE,"2 - 1","FT","fulltime_short","Full-Time","finished"
88,NA,NA,"/match/1474291/matchfacts/chelsea-vs-manchester-city",1474291,"Chelsea","Chelsea",8455,"Manchester City","Man City",8456,"2013-10-27T15:00:00.000Z",TRUE,TRUE,FALSE,"2 - 1","FT","fulltime_short","Full-Time","finished"
89,NA,NA,"/match/1474904/matchfacts/swansea-city-vs-west-ham-united",1474904,"Swansea City","Swansea",10003,"West Ham United","West Ham",8654,"2013-10-27T15:00:00.000Z",TRUE,TRUE,FALSE,"0 - 0","FT","fulltime_short","Full-Time","finished"
90,NA,NA,"/match/1474319/matchfacts/tottenham-hotspur-vs-hull-city",1474319,"Tottenham Hotspur","Tottenham",8586,"Hull City","Hull",8667,"2013-10-27T15:00:00.000Z",TRUE,TRUE,FALSE,"1 - 0","FT","fulltime_short","Full-Time","finished"
91,NA,NA,"/match/1474339/matchfacts/newcastle-united-vs-chelsea",1474339,"Newcastle United","Newcastle",10261,"Chelsea","Chelsea",8455,"2013-11-02T11:45:00.000Z",TRUE,TRUE,FALSE,"2 - 0","FT","fulltime_short","Full-Time","finished"
92,NA,NA,"/match/1474332/matchfacts/fulham-vs-manchester-united",1474332,"Fulham","Fulham",9879,"Manchester United","Man United",10260,"2013-11-02T14:00:00.000Z",TRUE,TRUE,FALSE,"1 - 3","FT","fulltime_short","Full-Time","finished"
93,NA,NA,"/match/1474334/matchfacts/hull-city-vs-sunderland",1474334,"Hull City","Hull",8667,"Sunderland","Sunderland",8472,"2013-11-02T14:00:00.000Z",TRUE,TRUE,FALSE,"1 - 0","FT","fulltime_short","Full-Time","finished"
94,NA,NA,"/match/1474337/matchfacts/manchester-city-vs-norwich-city",1474337,"Manchester City","Man City",8456,"Norwich City","Norwich",9850,"2013-11-02T14:00:00.000Z",TRUE,TRUE,FALSE,"7 - 0","FT","fulltime_short","Full-Time","finished"
95,NA,NA,"/match/1474342/matchfacts/stoke-city-vs-southampton",1474342,"Stoke City","Stoke",10194,"Southampton","Southampton",8466,"2013-11-02T14:00:00.000Z",TRUE,TRUE,FALSE,"1 - 1","FT","fulltime_short","Full-Time","finished"
96,NA,NA,"/match/1474345/matchfacts/west-bromwich-albion-vs-crystal-palace",1474345,"West Bromwich Albion","West Brom",8659,"Crystal Palace","Crystal Palace",9826,"2013-11-02T14:00:00.000Z",TRUE,TRUE,FALSE,"2 - 0","FT","fulltime_short","Full-Time","finished"
97,NA,NA,"/match/1474350/matchfacts/west-ham-united-vs-aston-villa",1474350,"West Ham United","West Ham",8654,"Aston Villa","Aston Villa",10252,"2013-11-02T14:00:00.000Z",TRUE,TRUE,FALSE,"0 - 0","FT","fulltime_short","Full-Time","finished"
98,NA,NA,"/match/1474327/matchfacts/arsenal-vs-liverpool",1474327,"Arsenal","Arsenal",9825,"Liverpool","Liverpool",8650,"2013-11-02T16:30:00.000Z",TRUE,TRUE,FALSE,"2 - 0","FT","fulltime_short","Full-Time","finished"
99,NA,NA,"/match/1474330/matchfacts/everton-vs-tottenham-hotspur",1474330,"Everton","Everton",8668,"Tottenham Hotspur","Tottenham",8586,"2013-11-03T12:30:00.000Z",TRUE,TRUE,FALSE,"0 - 0","FT","fulltime_short","Full-Time","finished"
100,NA,NA,"/match/1474329/matchfacts/cardiff-city-vs-swansea-city",1474329,"Cardiff City","Cardiff",8344,"Swansea City","Swansea",10003,"2013-11-03T15:00:00.000Z",TRUE,TRUE,FALSE,"1 - 0","FT","fulltime_short","Full-Time","finished"
101,NA,NA,"/match/1474356/matchfacts/aston-villa-vs-cardiff-city",1474356,"Aston Villa","Aston Villa",10252,"Cardiff City","Cardiff",8344,"2013-11-09T14:00:00.000Z",TRUE,TRUE,FALSE,"2 - 0","FT","fulltime_short","Full-Time","finished"
102,NA,NA,"/match/1474361/matchfacts/chelsea-vs-west-bromwich-albion",1474361,"Chelsea","Chelsea",8455,"West Bromwich Albion","West Brom",8659,"2013-11-09T14:00:00.000Z",TRUE,TRUE,FALSE,"2 - 2","FT","fulltime_short","Full-Time","finished"
103,NA,NA,"/match/1474366/matchfacts/liverpool-vs-fulham",1474366,"Liverpool","Liverpool",8650,"Fulham","Fulham",9879,"2013-11-09T14:00:00.000Z",TRUE,TRUE,FALSE,"4 - 0","FT","fulltime_short","Full-Time","finished"
104,NA,NA,"/match/1474372/matchfacts/southampton-vs-hull-city",1474372,"Southampton","Southampton",8466,"Hull City","Hull",8667,"2013-11-09T14:00:00.000Z",TRUE,TRUE,FALSE,"4 - 1","FT","fulltime_short","Full-Time","finished"
105,NA,NA,"/match/1474364/matchfacts/crystal-palace-vs-everton",1474364,"Crystal Palace","Crystal Palace",9826,"Everton","Everton",8668,"2013-11-09T14:15:00.000Z",TRUE,TRUE,FALSE,"0 - 0","FT","fulltime_short","Full-Time","finished"
106,NA,NA,"/match/1474371/matchfacts/norwich-city-vs-west-ham-united",1474371,"Norwich City","Norwich",9850,"West Ham United","West Ham",8654,"2013-11-09T16:30:00.000Z",TRUE,TRUE,FALSE,"3 - 1","FT","fulltime_short","Full-Time","finished"
107,NA,NA,"/match/1474378/matchfacts/tottenham-hotspur-vs-newcastle-united",1474378,"Tottenham Hotspur","Tottenham",8586,"Newcastle United","Newcastle",10261,"2013-11-10T11:00:00.000Z",TRUE,TRUE,FALSE,"0 - 1","FT","fulltime_short","Full-Time","finished"
108,NA,NA,"/match/1474373/matchfacts/sunderland-vs-manchester-city",1474373,"Sunderland","Sunderland",8472,"Manchester City","Man City",8456,"2013-11-10T13:05:00.000Z",TRUE,TRUE,FALSE,"1 - 0","FT","fulltime_short","Full-Time","finished"
109,NA,NA,"/match/1474368/matchfacts/manchester-united-vs-arsenal",1474368,"Manchester United","Man United",10260,"Arsenal","Arsenal",9825,"2013-11-10T15:10:00.000Z",TRUE,TRUE,FALSE,"1 - 0","FT","fulltime_short","Full-Time","finished"
110,NA,NA,"/match/1474375/matchfacts/swansea-city-vs-stoke-city",1474375,"Swansea City","Swansea",10003,"Stoke City","Stoke",10194,"2013-11-10T15:10:00.000Z",TRUE,TRUE,FALSE,"3 - 3","FT","fulltime_short","Full-Time","finished"
111,NA,NA,"/match/1474391/matchfacts/everton-vs-liverpool",1474391,"Everton","Everton",8668,"Liverpool","Liverpool",8650,"2013-11-23T11:45:00.000Z",TRUE,TRUE,FALSE,"3 - 3","FT","fulltime_short","Full-Time","finished"
112,NA,NA,"/match/1474394/matchfacts/fulham-vs-swansea-city",1474394,"Fulham","Fulham",9879,"Swansea City","Swansea",10003,"2013-11-23T14:00:00.000Z",TRUE,TRUE,FALSE,"1 - 2","FT","fulltime_short","Full-Time","finished"
113,NA,NA,"/match/1474395/matchfacts/hull-city-vs-crystal-palace",1474395,"Hull City","Hull",8667,"Crystal Palace","Crystal Palace",9826,"2013-11-23T14:00:00.000Z",TRUE,TRUE,FALSE,"0 - 1","FT","fulltime_short","Full-Time","finished"
114,NA,NA,"/match/1474402/matchfacts/newcastle-united-vs-norwich-city",1474402,"Newcastle United","Newcastle",10261,"Norwich City","Norwich",9850,"2013-11-23T14:00:00.000Z",TRUE,TRUE,FALSE,"2 - 1","FT","fulltime_short","Full-Time","finished"
115,NA,NA,"/match/1474405/matchfacts/stoke-city-vs-sunderland",1474405,"Stoke City","Stoke",10194,"Sunderland","Sunderland",8472,"2013-11-23T14:00:00.000Z",TRUE,TRUE,FALSE,"2 - 0","FT","fulltime_short","Full-Time","finished"
116,NA,NA,"/match/1474384/matchfacts/arsenal-vs-southampton",1474384,"Arsenal","Arsenal",9825,"Southampton","Southampton",8466,"2013-11-23T14:15:00.000Z",TRUE,TRUE,FALSE,"2 - 0","FT","fulltime_short","Full-Time","finished"
117,NA,NA,"/match/1474408/matchfacts/west-ham-united-vs-chelsea",1474408,"West Ham United","West Ham",8654,"Chelsea","Chelsea",8455,"2013-11-23T16:30:00.000Z",TRUE,TRUE,FALSE,"0 - 3","FT","fulltime_short","Full-Time","finished"
118,NA,NA,"/match/1474399/matchfacts/manchester-city-vs-tottenham-hotspur",1474399,"Manchester City","Man City",8456,"Tottenham Hotspur","Tottenham",8586,"2013-11-24T12:30:00.000Z",TRUE,TRUE,FALSE,"6 - 0","FT","fulltime_short","Full-Time","finished"
119,NA,NA,"/match/1474387/matchfacts/cardiff-city-vs-manchester-united",1474387,"Cardiff City","Cardiff",8344,"Manchester United","Man United",10260,"2013-11-24T15:00:00.000Z",TRUE,TRUE,FALSE,"2 - 2","FT","fulltime_short","Full-Time","finished"
120,NA,NA,"/match/1474406/matchfacts/west-bromwich-albion-vs-aston-villa",1474406,"West Bromwich Albion","West Brom",8659,"Aston Villa","Aston Villa",10252,"2013-11-25T19:00:00.000Z",TRUE,TRUE,FALSE,"2 - 2","FT","fulltime_short","Full-Time","finished"
121,NA,NA,"/match/1474413/matchfacts/aston-villa-vs-sunderland",1474413,"Aston Villa","Aston Villa",10252,"Sunderland","Sunderland",8472,"2013-11-30T14:00:00.000Z",TRUE,TRUE,FALSE,"0 - 0","FT","fulltime_short","Full-Time","finished"
122,NA,NA,"/match/1474415/matchfacts/cardiff-city-vs-arsenal",1474415,"Cardiff City","Cardiff",8344,"Arsenal","Arsenal",9825,"2013-11-30T14:00:00.000Z",TRUE,TRUE,FALSE,"0 - 3","FT","fulltime_short","Full-Time","finished"
123,NA,NA,"/match/1474420/matchfacts/everton-vs-stoke-city",1474420,"Everton","Everton",8668,"Stoke City","Stoke",10194,"2013-11-30T14:00:00.000Z",TRUE,TRUE,FALSE,"4 - 0","FT","fulltime_short","Full-Time","finished"
124,NA,NA,"/match/1474429/matchfacts/norwich-city-vs-crystal-palace",1474429,"Norwich City","Norwich",9850,"Crystal Palace","Crystal Palace",9826,"2013-11-30T14:00:00.000Z",TRUE,TRUE,FALSE,"1 - 0","FT","fulltime_short","Full-Time","finished"
125,NA,NA,"/match/1474434/matchfacts/west-ham-united-vs-fulham",1474434,"West Ham United","West Ham",8654,"Fulham","Fulham",9879,"2013-11-30T14:00:00.000Z",TRUE,TRUE,FALSE,"3 - 0","FT","fulltime_short","Full-Time","finished"
126,NA,NA,"/match/1474427/matchfacts/newcastle-united-vs-west-bromwich-albion",1474427,"Newcastle United","Newcastle",10261,"West Bromwich Albion","West Brom",8659,"2013-11-30T16:30:00.000Z",TRUE,TRUE,FALSE,"2 - 1","FT","fulltime_short","Full-Time","finished"
127,NA,NA,"/match/1474430/matchfacts/tottenham-hotspur-vs-manchester-united",1474430,"Tottenham Hotspur","Tottenham",8586,"Manchester United","Man United",10260,"2013-12-01T11:00:00.000Z",TRUE,TRUE,FALSE,"2 - 2","FT","fulltime_short","Full-Time","finished"
128,NA,NA,"/match/1474422/matchfacts/hull-city-vs-liverpool",1474422,"Hull City","Hull",8667,"Liverpool","Liverpool",8650,"2013-12-01T13:05:00.000Z",TRUE,TRUE,FALSE,"3 - 1","FT","fulltime_short","Full-Time","finished"
129,NA,NA,"/match/1474418/matchfacts/chelsea-vs-southampton",1474418,"Chelsea","Chelsea",8455,"Southampton","Southampton",8466,"2013-12-01T15:10:00.000Z",TRUE,TRUE,FALSE,"3 - 1","FT","fulltime_short","Full-Time","finished"
130,NA,NA,"/match/1474424/matchfacts/manchester-city-vs-swansea-city",1474424,"Manchester City","Man City",8456,"Swansea City","Swansea",10003,"2013-12-01T15:10:00.000Z",TRUE,TRUE,FALSE,"3 - 0","FT","fulltime_short","Full-Time","finished"
131,NA,NA,"/match/1474905/matchfacts/crystal-palace-vs-west-ham-united",1474905,"Crystal Palace","Crystal Palace",9826,"West Ham United","West Ham",8654,"2013-12-03T19:00:00.000Z",TRUE,TRUE,FALSE,"1 - 0","FT","fulltime_short","Full-Time","finished"
132,NA,NA,"/match/1474442/matchfacts/arsenal-vs-hull-city",1474442,"Arsenal","Arsenal",9825,"Hull City","Hull",8667,"2013-12-04T18:45:00.000Z",TRUE,TRUE,FALSE,"2 - 0","FT","fulltime_short","Full-Time","finished"
133,NA,NA,"/match/1474455/matchfacts/liverpool-vs-norwich-city",1474455,"Liverpool","Liverpool",8650,"Norwich City","Norwich",9850,"2013-12-04T18:45:00.000Z",TRUE,TRUE,FALSE,"5 - 1","FT","fulltime_short","Full-Time","finished"
134,NA,NA,"/match/1474459/matchfacts/manchester-united-vs-everton",1474459,"Manchester United","Man United",10260,"Everton","Everton",8668,"2013-12-04T18:45:00.000Z",TRUE,TRUE,FALSE,"0 - 1","FT","fulltime_short","Full-Time","finished"
135,NA,NA,"/match/1474464/matchfacts/southampton-vs-aston-villa",1474464,"Southampton","Southampton",8466,"Aston Villa","Aston Villa",10252,"2013-12-04T18:45:00.000Z",TRUE,TRUE,FALSE,"2 - 3","FT","fulltime_short","Full-Time","finished"
136,NA,NA,"/match/1474465/matchfacts/stoke-city-vs-cardiff-city",1474465,"Stoke City","Stoke",10194,"Cardiff City","Cardiff",8344,"2013-12-04T18:45:00.000Z",TRUE,TRUE,FALSE,"0 - 0","FT","fulltime_short","Full-Time","finished"
137,NA,NA,"/match/1474470/matchfacts/sunderland-vs-chelsea",1474470,"Sunderland","Sunderland",8472,"Chelsea","Chelsea",8455,"2013-12-04T18:45:00.000Z",TRUE,TRUE,FALSE,"3 - 4","FT","fulltime_short","Full-Time","finished"
138,NA,NA,"/match/1474474/matchfacts/swansea-city-vs-newcastle-united",1474474,"Swansea City","Swansea",10003,"Newcastle United","Newcastle",10261,"2013-12-04T18:45:00.000Z",TRUE,TRUE,FALSE,"3 - 0","FT","fulltime_short","Full-Time","finished"
139,NA,NA,"/match/1474492/matchfacts/fulham-vs-tottenham-hotspur",1474492,"Fulham","Fulham",9879,"Tottenham Hotspur","Tottenham",8586,"2013-12-04T19:00:00.000Z",TRUE,TRUE,FALSE,"1 - 2","FT","fulltime_short","Full-Time","finished"
140,NA,NA,"/match/1474476/matchfacts/west-bromwich-albion-vs-manchester-city",1474476,"West Bromwich Albion","West Brom",8659,"Manchester City","Man City",8456,"2013-12-04T19:15:00.000Z",TRUE,TRUE,FALSE,"2 - 3","FT","fulltime_short","Full-Time","finished"
141,NA,NA,"/match/1474518/matchfacts/manchester-united-vs-newcastle-united",1474518,"Manchester United","Man United",10260,"Newcastle United","Newcastle",10261,"2013-12-07T11:45:00.000Z",TRUE,TRUE,FALSE,"0 - 1","FT","fulltime_short","Full-Time","finished"
142,NA,NA,"/match/1474506/matchfacts/crystal-palace-vs-cardiff-city",1474506,"Crystal Palace","Crystal Palace",9826,"Cardiff City","Cardiff",8344,"2013-12-07T14:00:00.000Z",TRUE,TRUE,FALSE,"2 - 0","FT","fulltime_short","Full-Time","finished"
143,NA,NA,"/match/1474511/matchfacts/liverpool-vs-west-ham-united",1474511,"Liverpool","Liverpool",8650,"West Ham United","West Ham",8654,"2013-12-07T14:00:00.000Z",TRUE,TRUE,FALSE,"4 - 1","FT","fulltime_short","Full-Time","finished"
144,NA,NA,"/match/1474520/matchfacts/southampton-vs-manchester-city",1474520,"Southampton","Southampton",8466,"Manchester City","Man City",8456,"2013-12-07T14:00:00.000Z",TRUE,TRUE,FALSE,"1 - 1","FT","fulltime_short","Full-Time","finished"
145,NA,NA,"/match/1474521/matchfacts/stoke-city-vs-chelsea",1474521,"Stoke City","Stoke",10194,"Chelsea","Chelsea",8455,"2013-12-07T14:00:00.000Z",TRUE,TRUE,FALSE,"3 - 2","FT","fulltime_short","Full-Time","finished"
146,NA,NA,"/match/1474527/matchfacts/west-bromwich-albion-vs-norwich-city",1474527,"West Bromwich Albion","West Brom",8659,"Norwich City","Norwich",9850,"2013-12-07T14:00:00.000Z",TRUE,TRUE,FALSE,"0 - 2","FT","fulltime_short","Full-Time","finished"
147,NA,NA,"/match/1474522/matchfacts/sunderland-vs-tottenham-hotspur",1474522,"Sunderland","Sunderland",8472,"Tottenham Hotspur","Tottenham",8586,"2013-12-07T16:30:00.000Z",TRUE,TRUE,FALSE,"1 - 2","FT","fulltime_short","Full-Time","finished"
148,NA,NA,"/match/1474509/matchfacts/fulham-vs-aston-villa",1474509,"Fulham","Fulham",9879,"Aston Villa","Aston Villa",10252,"2013-12-08T12:30:00.000Z",TRUE,TRUE,FALSE,"2 - 0","FT","fulltime_short","Full-Time","finished"
149,NA,NA,"/match/1474503/matchfacts/arsenal-vs-everton",1474503,"Arsenal","Arsenal",9825,"Everton","Everton",8668,"2013-12-08T15:00:00.000Z",TRUE,TRUE,FALSE,"1 - 1","FT","fulltime_short","Full-Time","finished"
150,NA,NA,"/match/1474524/matchfacts/swansea-city-vs-hull-city",1474524,"Swansea City","Swansea",10003,"Hull City","Hull",8667,"2013-12-09T19:00:00.000Z",TRUE,TRUE,FALSE,"1 - 1","FT","fulltime_short","Full-Time","finished"
151,NA,NA,"/match/1474553/matchfacts/manchester-city-vs-arsenal",1474553,"Manchester City","Man City",8456,"Arsenal","Arsenal",9825,"2013-12-14T11:45:00.000Z",TRUE,TRUE,FALSE,"6 - 3","FT","fulltime_short","Full-Time","finished"
152,NA,NA,"/match/1474535/matchfacts/cardiff-city-vs-west-bromwich-albion",1474535,"Cardiff City","Cardiff",8344,"West Bromwich Albion","West Brom",8659,"2013-12-14T14:00:00.000Z",TRUE,TRUE,FALSE,"1 - 0","FT","fulltime_short","Full-Time","finished"
153,NA,NA,"/match/1474537/matchfacts/chelsea-vs-crystal-palace",1474537,"Chelsea","Chelsea",8455,"Crystal Palace","Crystal Palace",9826,"2013-12-14T14:00:00.000Z",TRUE,TRUE,FALSE,"2 - 1","FT","fulltime_short","Full-Time","finished"
154,NA,NA,"/match/1474550/matchfacts/everton-vs-fulham",1474550,"Everton","Everton",8668,"Fulham","Fulham",9879,"2013-12-14T14:00:00.000Z",TRUE,TRUE,FALSE,"4 - 1","FT","fulltime_short","Full-Time","finished"
155,NA,NA,"/match/1474554/matchfacts/newcastle-united-vs-southampton",1474554,"Newcastle United","Newcastle",10261,"Southampton","Southampton",8466,"2013-12-14T14:00:00.000Z",TRUE,TRUE,FALSE,"1 - 1","FT","fulltime_short","Full-Time","finished"
156,NA,NA,"/match/1474563/matchfacts/west-ham-united-vs-sunderland",1474563,"West Ham United","West Ham",8654,"Sunderland","Sunderland",8472,"2013-12-14T14:00:00.000Z",TRUE,TRUE,FALSE,"0 - 0","FT","fulltime_short","Full-Time","finished"
157,NA,NA,"/match/1474552/matchfacts/hull-city-vs-stoke-city",1474552,"Hull City","Hull",8667,"Stoke City","Stoke",10194,"2013-12-14T16:30:00.000Z",TRUE,TRUE,FALSE,"0 - 0","FT","fulltime_short","Full-Time","finished"
158,NA,NA,"/match/1474533/matchfacts/aston-villa-vs-manchester-united",1474533,"Aston Villa","Aston Villa",10252,"Manchester United","Man United",10260,"2013-12-15T12:30:00.000Z",TRUE,TRUE,FALSE,"0 - 3","FT","fulltime_short","Full-Time","finished"
159,NA,NA,"/match/1474556/matchfacts/norwich-city-vs-swansea-city",1474556,"Norwich City","Norwich",9850,"Swansea City","Swansea",10003,"2013-12-15T12:30:00.000Z",TRUE,TRUE,FALSE,"1 - 1","FT","fulltime_short","Full-Time","finished"
160,NA,NA,"/match/1474560/matchfacts/tottenham-hotspur-vs-liverpool",1474560,"Tottenham Hotspur","Tottenham",8586,"Liverpool","Liverpool",8650,"2013-12-15T15:00:00.000Z",TRUE,TRUE,FALSE,"0 - 5","FT","fulltime_short","Full-Time","finished"
161,NA,NA,"/match/1474575/matchfacts/liverpool-vs-cardiff-city",1474575,"Liverpool","Liverpool",8650,"Cardiff City","Cardiff",8344,"2013-12-21T11:45:00.000Z",TRUE,TRUE,FALSE,"3 - 1","FT","fulltime_short","Full-Time","finished"
162,NA,NA,"/match/1474571/matchfacts/crystal-palace-vs-newcastle-united",1474571,"Crystal Palace","Crystal Palace",9826,"Newcastle United","Newcastle",10261,"2013-12-21T14:00:00.000Z",TRUE,TRUE,FALSE,"0 - 3","FT","fulltime_short","Full-Time","finished"
163,NA,NA,"/match/1474573/matchfacts/fulham-vs-manchester-city",1474573,"Fulham","Fulham",9879,"Manchester City","Man City",8456,"2013-12-21T14:00:00.000Z",TRUE,TRUE,FALSE,"2 - 4","FT","fulltime_short","Full-Time","finished"
164,NA,NA,"/match/1474576/matchfacts/manchester-united-vs-west-ham-united",1474576,"Manchester United","Man United",10260,"West Ham United","West Ham",8654,"2013-12-21T14:00:00.000Z",TRUE,TRUE,FALSE,"3 - 1","FT","fulltime_short","Full-Time","finished"
165,NA,NA,"/match/1474578/matchfacts/stoke-city-vs-aston-villa",1474578,"Stoke City","Stoke",10194,"Aston Villa","Aston Villa",10252,"2013-12-21T14:00:00.000Z",TRUE,TRUE,FALSE,"2 - 1","FT","fulltime_short","Full-Time","finished"
166,NA,NA,"/match/1474580/matchfacts/sunderland-vs-norwich-city",1474580,"Sunderland","Sunderland",8472,"Norwich City","Norwich",9850,"2013-12-21T14:00:00.000Z",TRUE,TRUE,FALSE,"0 - 0","FT","fulltime_short","Full-Time","finished"
167,NA,NA,"/match/1474585/matchfacts/west-bromwich-albion-vs-hull-city",1474585,"West Bromwich Albion","West Brom",8659,"Hull City","Hull",8667,"2013-12-21T14:00:00.000Z",TRUE,TRUE,FALSE,"1 - 1","FT","fulltime_short","Full-Time","finished"
168,NA,NA,"/match/1474577/matchfacts/southampton-vs-tottenham-hotspur",1474577,"Southampton","Southampton",8466,"Tottenham Hotspur","Tottenham",8586,"2013-12-22T12:30:00.000Z",TRUE,TRUE,FALSE,"2 - 3","FT","fulltime_short","Full-Time","finished"
169,NA,NA,"/match/1474583/matchfacts/swansea-city-vs-everton",1474583,"Swansea City","Swansea",10003,"Everton","Everton",8668,"2013-12-22T15:00:00.000Z",TRUE,TRUE,FALSE,"1 - 2","FT","fulltime_short","Full-Time","finished"
170,NA,NA,"/match/1474570/matchfacts/arsenal-vs-chelsea",1474570,"Arsenal","Arsenal",9825,"Chelsea","Chelsea",8455,"2013-12-23T19:00:00.000Z",TRUE,TRUE,FALSE,"0 - 0","FT","fulltime_short","Full-Time","finished"
171,NA,NA,"/match/1474610/matchfacts/hull-city-vs-manchester-united",1474610,"Hull City","Hull",8667,"Manchester United","Man United",10260,"2013-12-26T11:45:00.000Z",TRUE,TRUE,FALSE,"2 - 3","FT","fulltime_short","Full-Time","finished"
172,NA,NA,"/match/1474597/matchfacts/aston-villa-vs-crystal-palace",1474597,"Aston Villa","Aston Villa",10252,"Crystal Palace","Crystal Palace",9826,"2013-12-26T14:00:00.000Z",TRUE,TRUE,FALSE,"0 - 1","FT","fulltime_short","Full-Time","finished"
173,NA,NA,"/match/1474600/matchfacts/cardiff-city-vs-southampton",1474600,"Cardiff City","Cardiff",8344,"Southampton","Southampton",8466,"2013-12-26T14:00:00.000Z",TRUE,TRUE,FALSE,"0 - 3","FT","fulltime_short","Full-Time","finished"
174,NA,NA,"/match/1474604/matchfacts/chelsea-vs-swansea-city",1474604,"Chelsea","Chelsea",8455,"Swansea City","Swansea",10003,"2013-12-26T14:00:00.000Z",TRUE,TRUE,FALSE,"1 - 0","FT","fulltime_short","Full-Time","finished"
175,NA,NA,"/match/1474607/matchfacts/everton-vs-sunderland",1474607,"Everton","Everton",8668,"Sunderland","Sunderland",8472,"2013-12-26T14:00:00.000Z",TRUE,TRUE,FALSE,"0 - 1","FT","fulltime_short","Full-Time","finished"
176,NA,NA,"/match/1474615/matchfacts/newcastle-united-vs-stoke-city",1474615,"Newcastle United","Newcastle",10261,"Stoke City","Stoke",10194,"2013-12-26T14:00:00.000Z",TRUE,TRUE,FALSE,"5 - 1","FT","fulltime_short","Full-Time","finished"
177,NA,NA,"/match/1474618/matchfacts/norwich-city-vs-fulham",1474618,"Norwich City","Norwich",9850,"Fulham","Fulham",9879,"2013-12-26T14:00:00.000Z",TRUE,TRUE,FALSE,"1 - 2","FT","fulltime_short","Full-Time","finished"
178,NA,NA,"/match/1474624/matchfacts/tottenham-hotspur-vs-west-bromwich-albion",1474624,"Tottenham Hotspur","Tottenham",8586,"West Bromwich Albion","West Brom",8659,"2013-12-26T14:00:00.000Z",TRUE,TRUE,FALSE,"1 - 1","FT","fulltime_short","Full-Time","finished"
179,NA,NA,"/match/1474626/matchfacts/west-ham-united-vs-arsenal",1474626,"West Ham United","West Ham",8654,"Arsenal","Arsenal",9825,"2013-12-26T14:00:00.000Z",TRUE,TRUE,FALSE,"1 - 3","FT","fulltime_short","Full-Time","finished"
180,NA,NA,"/match/1474613/matchfacts/manchester-city-vs-liverpool",1474613,"Manchester City","Man City",8456,"Liverpool","Liverpool",8650,"2013-12-26T16:30:00.000Z",TRUE,TRUE,FALSE,"2 - 1","FT","fulltime_short","Full-Time","finished"
181,NA,NA,"/match/1474666/matchfacts/west-ham-united-vs-west-bromwich-albion",1474666,"West Ham United","West Ham",8654,"West Bromwich Albion","West Brom",8659,"2013-12-28T11:45:00.000Z",TRUE,TRUE,FALSE,"3 - 3","FT","fulltime_short","Full-Time","finished"
182,NA,NA,"/match/1474640/matchfacts/aston-villa-vs-swansea-city",1474640,"Aston Villa","Aston Villa",10252,"Swansea City","Swansea",10003,"2013-12-28T14:00:00.000Z",TRUE,TRUE,FALSE,"1 - 1","FT","fulltime_short","Full-Time","finished"
183,NA,NA,"/match/1474652/matchfacts/hull-city-vs-fulham",1474652,"Hull City","Hull",8667,"Fulham","Fulham",9879,"2013-12-28T14:00:00.000Z",TRUE,TRUE,FALSE,"6 - 0","FT","fulltime_short","Full-Time","finished"
184,NA,NA,"/match/1474654/matchfacts/manchester-city-vs-crystal-palace",1474654,"Manchester City","Man City",8456,"Crystal Palace","Crystal Palace",9826,"2013-12-28T14:00:00.000Z",TRUE,TRUE,FALSE,"1 - 0","FT","fulltime_short","Full-Time","finished"
185,NA,NA,"/match/1474659/matchfacts/norwich-city-vs-manchester-united",1474659,"Norwich City","Norwich",9850,"Manchester United","Man United",10260,"2013-12-28T14:00:00.000Z",TRUE,TRUE,FALSE,"0 - 1","FT","fulltime_short","Full-Time","finished"
186,NA,NA,"/match/1474642/matchfacts/cardiff-city-vs-sunderland",1474642,"Cardiff City","Cardiff",8344,"Sunderland","Sunderland",8472,"2013-12-28T16:30:00.000Z",TRUE,TRUE,FALSE,"2 - 2","FT","fulltime_short","Full-Time","finished"
187,NA,NA,"/match/1474648/matchfacts/everton-vs-southampton",1474648,"Everton","Everton",8668,"Southampton","Southampton",8466,"2013-12-29T12:30:00.000Z",TRUE,TRUE,FALSE,"2 - 1","FT","fulltime_short","Full-Time","finished"
188,NA,NA,"/match/1474656/matchfacts/newcastle-united-vs-arsenal",1474656,"Newcastle United","Newcastle",10261,"Arsenal","Arsenal",9825,"2013-12-29T12:30:00.000Z",TRUE,TRUE,FALSE,"0 - 1","FT","fulltime_short","Full-Time","finished"
189,NA,NA,"/match/1474644/matchfacts/chelsea-vs-liverpool",1474644,"Chelsea","Chelsea",8455,"Liverpool","Liverpool",8650,"2013-12-29T15:00:00.000Z",TRUE,TRUE,FALSE,"2 - 1","FT","fulltime_short","Full-Time","finished"
190,NA,NA,"/match/1474663/matchfacts/tottenham-hotspur-vs-stoke-city",1474663,"Tottenham Hotspur","Tottenham",8586,"Stoke City","Stoke",10194,"2013-12-29T15:00:00.000Z",TRUE,TRUE,FALSE,"3 - 0","FT","fulltime_short","Full-Time","finished"
191,NA,NA,"/match/1474723/matchfacts/swansea-city-vs-manchester-city",1474723,"Swansea City","Swansea",10003,"Manchester City","Man City",8456,"2014-01-01T11:45:00.000Z",TRUE,TRUE,FALSE,"2 - 3","FT","fulltime_short","Full-Time","finished"
192,NA,NA,"/match/1474676/matchfacts/arsenal-vs-cardiff-city",1474676,"Arsenal","Arsenal",9825,"Cardiff City","Cardiff",8344,"2014-01-01T14:00:00.000Z",TRUE,TRUE,FALSE,"2 - 0","FT","fulltime_short","Full-Time","finished"
193,NA,NA,"/match/1474680/matchfacts/crystal-palace-vs-norwich-city",1474680,"Crystal Palace","Crystal Palace",9826,"Norwich City","Norwich",9850,"2014-01-01T14:00:00.000Z",TRUE,TRUE,FALSE,"1 - 1","FT","fulltime_short","Full-Time","finished"
194,NA,NA,"/match/1474689/matchfacts/fulham-vs-west-ham-united",1474689,"Fulham","Fulham",9879,"West Ham United","West Ham",8654,"2014-01-01T14:00:00.000Z",TRUE,TRUE,FALSE,"2 - 1","FT","fulltime_short","Full-Time","finished"
195,NA,NA,"/match/1474692/matchfacts/liverpool-vs-hull-city",1474692,"Liverpool","Liverpool",8650,"Hull City","Hull",8667,"2014-01-01T14:00:00.000Z",TRUE,TRUE,FALSE,"2 - 0","FT","fulltime_short","Full-Time","finished"
196,NA,NA,"/match/1474701/matchfacts/southampton-vs-chelsea",1474701,"Southampton","Southampton",8466,"Chelsea","Chelsea",8455,"2014-01-01T14:00:00.000Z",TRUE,TRUE,FALSE,"0 - 3","FT","fulltime_short","Full-Time","finished"
197,NA,NA,"/match/1474705/matchfacts/stoke-city-vs-everton",1474705,"Stoke City","Stoke",10194,"Everton","Everton",8668,"2014-01-01T14:00:00.000Z",TRUE,TRUE,FALSE,"1 - 1","FT","fulltime_short","Full-Time","finished"
198,NA,NA,"/match/1474709/matchfacts/sunderland-vs-aston-villa",1474709,"Sunderland","Sunderland",8472,"Aston Villa","Aston Villa",10252,"2014-01-01T14:00:00.000Z",TRUE,TRUE,FALSE,"0 - 1","FT","fulltime_short","Full-Time","finished"
199,NA,NA,"/match/1474738/matchfacts/west-bromwich-albion-vs-newcastle-united",1474738,"West Bromwich Albion","West Brom",8659,"Newcastle United","Newcastle",10261,"2014-01-01T14:00:00.000Z",TRUE,TRUE,FALSE,"1 - 0","FT","fulltime_short","Full-Time","finished"
200,NA,NA,"/match/1474698/matchfacts/manchester-united-vs-tottenham-hotspur",1474698,"Manchester United","Man United",10260,"Tottenham Hotspur","Tottenham",8586,"2014-01-01T16:30:00.000Z",TRUE,TRUE,FALSE,"1 - 2","FT","fulltime_short","Full-Time","finished"
201,NA,NA,"/match/1474911/matchfacts/hull-city-vs-chelsea",1474911,"Hull City","Hull",8667,"Chelsea","Chelsea",8455,"2014-01-11T11:45:00.000Z",TRUE,TRUE,FALSE,"0 - 2","FT","fulltime_short","Full-Time","finished"
202,NA,NA,"/match/1474907/matchfacts/cardiff-city-vs-west-ham-united",1474907,"Cardiff City","Cardiff",8344,"West Ham United","West Ham",8654,"2014-01-11T14:00:00.000Z",TRUE,TRUE,FALSE,"0 - 2","FT","fulltime_short","Full-Time","finished"
203,NA,NA,"/match/1474908/matchfacts/everton-vs-norwich-city",1474908,"Everton","Everton",8668,"Norwich City","Norwich",9850,"2014-01-11T14:00:00.000Z",TRUE,TRUE,FALSE,"2 - 0","FT","fulltime_short","Full-Time","finished"
204,NA,NA,"/match/1474909/matchfacts/fulham-vs-sunderland",1474909,"Fulham","Fulham",9879,"Sunderland","Sunderland",8472,"2014-01-11T14:00:00.000Z",TRUE,TRUE,FALSE,"1 - 4","FT","fulltime_short","Full-Time","finished"
205,NA,NA,"/match/1474918/matchfacts/southampton-vs-west-bromwich-albion",1474918,"Southampton","Southampton",8466,"West Bromwich Albion","West Brom",8659,"2014-01-11T14:00:00.000Z",TRUE,TRUE,FALSE,"1 - 0","FT","fulltime_short","Full-Time","finished"
206,NA,NA,"/match/1474921/matchfacts/tottenham-hotspur-vs-crystal-palace",1474921,"Tottenham Hotspur","Tottenham",8586,"Crystal Palace","Crystal Palace",9826,"2014-01-11T14:00:00.000Z",TRUE,TRUE,FALSE,"2 - 0","FT","fulltime_short","Full-Time","finished"
207,NA,NA,"/match/1474912/matchfacts/manchester-united-vs-swansea-city",1474912,"Manchester United","Man United",10260,"Swansea City","Swansea",10003,"2014-01-11T16:30:00.000Z",TRUE,TRUE,FALSE,"2 - 0","FT","fulltime_short","Full-Time","finished"
208,NA,NA,"/match/1474913/matchfacts/newcastle-united-vs-manchester-city",1474913,"Newcastle United","Newcastle",10261,"Manchester City","Man City",8456,"2014-01-12T13:05:00.000Z",TRUE,TRUE,FALSE,"0 - 2","FT","fulltime_short","Full-Time","finished"
209,NA,NA,"/match/1474920/matchfacts/stoke-city-vs-liverpool",1474920,"Stoke City","Stoke",10194,"Liverpool","Liverpool",8650,"2014-01-12T15:10:00.000Z",TRUE,TRUE,FALSE,"3 - 5","FT","fulltime_short","Full-Time","finished"
210,NA,NA,"/match/1474906/matchfacts/aston-villa-vs-arsenal",1474906,"Aston Villa","Aston Villa",10252,"Arsenal","Arsenal",9825,"2014-01-13T19:00:00.000Z",TRUE,TRUE,FALSE,"1 - 2","FT","fulltime_short","Full-Time","finished"
211,NA,NA,"/match/1474930/matchfacts/sunderland-vs-southampton",1474930,"Sunderland","Sunderland",8472,"Southampton","Southampton",8466,"2014-01-18T11:45:00.000Z",TRUE,TRUE,FALSE,"2 - 2","FT","fulltime_short","Full-Time","finished"
212,NA,NA,"/match/1474922/matchfacts/arsenal-vs-fulham",1474922,"Arsenal","Arsenal",9825,"Fulham","Fulham",9879,"2014-01-18T14:00:00.000Z",TRUE,TRUE,FALSE,"2 - 0","FT","fulltime_short","Full-Time","finished"
213,NA,NA,"/match/1474924/matchfacts/crystal-palace-vs-stoke-city",1474924,"Crystal Palace","Crystal Palace",9826,"Stoke City","Stoke",10194,"2014-01-18T14:00:00.000Z",TRUE,TRUE,FALSE,"1 - 0","FT","fulltime_short","Full-Time","finished"
214,NA,NA,"/match/1474928/matchfacts/manchester-city-vs-cardiff-city",1474928,"Manchester City","Man City",8456,"Cardiff City","Cardiff",8344,"2014-01-18T14:00:00.000Z",TRUE,TRUE,FALSE,"4 - 2","FT","fulltime_short","Full-Time","finished"
215,NA,NA,"/match/1474929/matchfacts/norwich-city-vs-hull-city",1474929,"Norwich City","Norwich",9850,"Hull City","Hull",8667,"2014-01-18T14:00:00.000Z",TRUE,TRUE,FALSE,"1 - 0","FT","fulltime_short","Full-Time","finished"
216,NA,NA,"/match/1474933/matchfacts/west-ham-united-vs-newcastle-united",1474933,"West Ham United","West Ham",8654,"Newcastle United","Newcastle",10261,"2014-01-18T14:00:00.000Z",TRUE,TRUE,FALSE,"1 - 3","FT","fulltime_short","Full-Time","finished"
217,NA,NA,"/match/1474925/matchfacts/liverpool-vs-aston-villa",1474925,"Liverpool","Liverpool",8650,"Aston Villa","Aston Villa",10252,"2014-01-18T16:30:00.000Z",TRUE,TRUE,FALSE,"2 - 2","FT","fulltime_short","Full-Time","finished"
218,NA,NA,"/match/1474931/matchfacts/swansea-city-vs-tottenham-hotspur",1474931,"Swansea City","Swansea",10003,"Tottenham Hotspur","Tottenham",8586,"2014-01-19T12:30:00.000Z",TRUE,TRUE,FALSE,"1 - 3","FT","fulltime_short","Full-Time","finished"
219,NA,NA,"/match/1474923/matchfacts/chelsea-vs-manchester-united",1474923,"Chelsea","Chelsea",8455,"Manchester United","Man United",10260,"2014-01-19T15:00:00.000Z",TRUE,TRUE,FALSE,"3 - 1","FT","fulltime_short","Full-Time","finished"
220,NA,NA,"/match/1474932/matchfacts/west-bromwich-albion-vs-everton",1474932,"West Bromwich Albion","West Brom",8659,"Everton","Everton",8668,"2014-01-20T19:00:00.000Z",TRUE,TRUE,FALSE,"1 - 1","FT","fulltime_short","Full-Time","finished"
221,NA,NA,"/match/1474937/matchfacts/manchester-united-vs-cardiff-city",1474937,"Manchester United","Man United",10260,"Cardiff City","Cardiff",8344,"2014-01-28T18:45:00.000Z",TRUE,TRUE,FALSE,"2 - 0","FT","fulltime_short","Full-Time","finished"
222,NA,NA,"/match/1474938/matchfacts/norwich-city-vs-newcastle-united",1474938,"Norwich City","Norwich",9850,"Newcastle United","Newcastle",10261,"2014-01-28T18:45:00.000Z",TRUE,TRUE,FALSE,"0 - 0","FT","fulltime_short","Full-Time","finished"
223,NA,NA,"/match/1474940/matchfacts/southampton-vs-arsenal",1474940,"Southampton","Southampton",8466,"Arsenal","Arsenal",9825,"2014-01-28T18:45:00.000Z",TRUE,TRUE,FALSE,"2 - 2","FT","fulltime_short","Full-Time","finished"
224,NA,NA,"/match/1474943/matchfacts/swansea-city-vs-fulham",1474943,"Swansea City","Swansea",10003,"Fulham","Fulham",9879,"2014-01-28T18:45:00.000Z",TRUE,TRUE,FALSE,"2 - 0","FT","fulltime_short","Full-Time","finished"
225,NA,NA,"/match/1474935/matchfacts/crystal-palace-vs-hull-city",1474935,"Crystal Palace","Crystal Palace",9826,"Hull City","Hull",8667,"2014-01-28T19:00:00.000Z",TRUE,TRUE,FALSE,"1 - 0","FT","fulltime_short","Full-Time","finished"
226,NA,NA,"/match/1474936/matchfacts/liverpool-vs-everton",1474936,"Liverpool","Liverpool",8650,"Everton","Everton",8668,"2014-01-28T19:00:00.000Z",TRUE,TRUE,FALSE,"4 - 0","FT","fulltime_short","Full-Time","finished"
227,NA,NA,"/match/1474934/matchfacts/aston-villa-vs-west-bromwich-albion",1474934,"Aston Villa","Aston Villa",10252,"West Bromwich Albion","West Brom",8659,"2014-01-29T18:45:00.000Z",TRUE,TRUE,FALSE,"4 - 3","FT","fulltime_short","Full-Time","finished"
228,NA,NA,"/match/1474944/matchfacts/chelsea-vs-west-ham-united",1474944,"Chelsea","Chelsea",8455,"West Ham United","West Ham",8654,"2014-01-29T18:45:00.000Z",TRUE,TRUE,FALSE,"0 - 0","FT","fulltime_short","Full-Time","finished"
229,NA,NA,"/match/1474942/matchfacts/sunderland-vs-stoke-city",1474942,"Sunderland","Sunderland",8472,"Stoke City","Stoke",10194,"2014-01-29T18:45:00.000Z",TRUE,TRUE,FALSE,"1 - 0","FT","fulltime_short","Full-Time","finished"
230,NA,NA,"/match/1474945/matchfacts/tottenham-hotspur-vs-manchester-city",1474945,"Tottenham Hotspur","Tottenham",8586,"Manchester City","Man City",8456,"2014-01-29T18:45:00.000Z",TRUE,TRUE,FALSE,"1 - 5","FT","fulltime_short","Full-Time","finished"
231,NA,NA,"/match/1474953/matchfacts/newcastle-united-vs-sunderland",1474953,"Newcastle United","Newcastle",10261,"Sunderland","Sunderland",8472,"2014-02-01T11:45:00.000Z",TRUE,TRUE,FALSE,"0 - 3","FT","fulltime_short","Full-Time","finished"
232,NA,NA,"/match/1474956/matchfacts/west-ham-united-vs-swansea-city",1474956,"West Ham United","West Ham",8654,"Swansea City","Swansea",10003,"2014-02-01T11:45:00.000Z",TRUE,TRUE,FALSE,"2 - 0","FT","fulltime_short","Full-Time","finished"
233,NA,NA,"/match/1474947/matchfacts/cardiff-city-vs-norwich-city",1474947,"Cardiff City","Cardiff",8344,"Norwich City","Norwich",9850,"2014-02-01T14:00:00.000Z",TRUE,TRUE,FALSE,"2 - 1","FT","fulltime_short","Full-Time","finished"
234,NA,NA,"/match/1474948/matchfacts/everton-vs-aston-villa",1474948,"Everton","Everton",8668,"Aston Villa","Aston Villa",10252,"2014-02-01T14:00:00.000Z",TRUE,TRUE,FALSE,"2 - 1","FT","fulltime_short","Full-Time","finished"
235,NA,NA,"/match/1474949/matchfacts/fulham-vs-southampton",1474949,"Fulham","Fulham",9879,"Southampton","Southampton",8466,"2014-02-01T14:00:00.000Z",TRUE,TRUE,FALSE,"0 - 3","FT","fulltime_short","Full-Time","finished"
236,NA,NA,"/match/1474951/matchfacts/hull-city-vs-tottenham-hotspur",1474951,"Hull City","Hull",8667,"Tottenham Hotspur","Tottenham",8586,"2014-02-01T14:00:00.000Z",TRUE,TRUE,FALSE,"1 - 1","FT","fulltime_short","Full-Time","finished"
237,NA,NA,"/match/1474954/matchfacts/stoke-city-vs-manchester-united",1474954,"Stoke City","Stoke",10194,"Manchester United","Man United",10260,"2014-02-01T14:00:00.000Z",TRUE,TRUE,FALSE,"2 - 1","FT","fulltime_short","Full-Time","finished"
238,NA,NA,"/match/1474955/matchfacts/west-bromwich-albion-vs-liverpool",1474955,"West Bromwich Albion","West Brom",8659,"Liverpool","Liverpool",8650,"2014-02-02T12:30:00.000Z",TRUE,TRUE,FALSE,"1 - 1","FT","fulltime_short","Full-Time","finished"
239,NA,NA,"/match/1474946/matchfacts/arsenal-vs-crystal-palace",1474946,"Arsenal","Arsenal",9825,"Crystal Palace","Crystal Palace",9826,"2014-02-02T15:00:00.000Z",TRUE,TRUE,FALSE,"2 - 0","FT","fulltime_short","Full-Time","finished"
240,NA,NA,"/match/1474952/matchfacts/manchester-city-vs-chelsea",1474952,"Manchester City","Man City",8456,"Chelsea","Chelsea",8455,"2014-02-03T19:00:00.000Z",TRUE,TRUE,FALSE,"0 - 1","FT","fulltime_short","Full-Time","finished"
241,NA,NA,"/match/1474961/matchfacts/liverpool-vs-arsenal",1474961,"Liverpool","Liverpool",8650,"Arsenal","Arsenal",9825,"2014-02-08T11:45:00.000Z",TRUE,TRUE,FALSE,"5 - 1","FT","fulltime_short","Full-Time","finished"
242,NA,NA,"/match/1474958/matchfacts/aston-villa-vs-west-ham-united",1474958,"Aston Villa","Aston Villa",10252,"West Ham United","West Ham",8654,"2014-02-08T14:00:00.000Z",TRUE,TRUE,FALSE,"0 - 2","FT","fulltime_short","Full-Time","finished"
243,NA,NA,"/match/1474959/matchfacts/chelsea-vs-newcastle-united",1474959,"Chelsea","Chelsea",8455,"Newcastle United","Newcastle",10261,"2014-02-08T14:00:00.000Z",TRUE,TRUE,FALSE,"3 - 0","FT","fulltime_short","Full-Time","finished"
244,NA,NA,"/match/1474450/matchfacts/crystal-palace-vs-west-bromwich-albion",1474450,"Crystal Palace","Crystal Palace",9826,"West Bromwich Albion","West Brom",8659,"2014-02-08T14:00:00.000Z",TRUE,TRUE,FALSE,"3 - 1","FT","fulltime_short","Full-Time","finished"
245,NA,NA,"/match/1474963/matchfacts/norwich-city-vs-manchester-city",1474963,"Norwich City","Norwich",9850,"Manchester City","Man City",8456,"2014-02-08T14:00:00.000Z",TRUE,TRUE,FALSE,"0 - 0","FT","fulltime_short","Full-Time","finished"
246,NA,NA,"/match/1474964/matchfacts/southampton-vs-stoke-city",1474964,"Southampton","Southampton",8466,"Stoke City","Stoke",10194,"2014-02-08T14:00:00.000Z",TRUE,TRUE,FALSE,"2 - 2","FT","fulltime_short","Full-Time","finished"
247,NA,NA,"/match/1474965/matchfacts/sunderland-vs-hull-city",1474965,"Sunderland","Sunderland",8472,"Hull City","Hull",8667,"2014-02-08T14:00:00.000Z",TRUE,TRUE,FALSE,"0 - 2","FT","fulltime_short","Full-Time","finished"
248,NA,NA,"/match/1474966/matchfacts/swansea-city-vs-cardiff-city",1474966,"Swansea City","Swansea",10003,"Cardiff City","Cardiff",8344,"2014-02-08T16:30:00.000Z",TRUE,TRUE,FALSE,"3 - 0","FT","fulltime_short","Full-Time","finished"
249,NA,NA,"/match/1474967/matchfacts/tottenham-hotspur-vs-everton",1474967,"Tottenham Hotspur","Tottenham",8586,"Everton","Everton",8668,"2014-02-09T12:30:00.000Z",TRUE,TRUE,FALSE,"1 - 0","FT","fulltime_short","Full-Time","finished"
250,NA,NA,"/match/1474962/matchfacts/manchester-united-vs-fulham",1474962,"Manchester United","Man United",10260,"Fulham","Fulham",9879,"2014-02-09T15:00:00.000Z",TRUE,TRUE,FALSE,"2 - 2","FT","fulltime_short","Full-Time","finished"
251,NA,NA,"/match/1474969/matchfacts/cardiff-city-vs-aston-villa",1474969,"Cardiff City","Cardiff",8344,"Aston Villa","Aston Villa",10252,"2014-02-11T18:45:00.000Z",TRUE,TRUE,FALSE,"0 - 0","FT","fulltime_short","Full-Time","finished"
252,NA,NA,"/match/1474970/matchfacts/hull-city-vs-southampton",1474970,"Hull City","Hull",8667,"Southampton","Southampton",8466,"2014-02-11T18:45:00.000Z",TRUE,TRUE,FALSE,"0 - 1","FT","fulltime_short","Full-Time","finished"
253,NA,NA,"/match/1474974/matchfacts/west-ham-united-vs-norwich-city",1474974,"West Ham United","West Ham",8654,"Norwich City","Norwich",9850,"2014-02-11T18:45:00.000Z",TRUE,TRUE,FALSE,"2 - 0","FT","fulltime_short","Full-Time","finished"
254,NA,NA,"/match/1474973/matchfacts/west-bromwich-albion-vs-chelsea",1474973,"West Bromwich Albion","West Brom",8659,"Chelsea","Chelsea",8455,"2014-02-11T19:00:00.000Z",TRUE,TRUE,FALSE,"1 - 1","FT","fulltime_short","Full-Time","finished"
255,NA,NA,"/match/1474968/matchfacts/arsenal-vs-manchester-united",1474968,"Arsenal","Arsenal",9825,"Manchester United","Man United",10260,"2014-02-12T18:45:00.000Z",TRUE,TRUE,FALSE,"0 - 0","FT","fulltime_short","Full-Time","finished"
256,NA,NA,"/match/1474978/matchfacts/newcastle-united-vs-tottenham-hotspur",1474978,"Newcastle United","Newcastle",10261,"Tottenham Hotspur","Tottenham",8586,"2014-02-12T18:45:00.000Z",TRUE,TRUE,FALSE,"0 - 4","FT","fulltime_short","Full-Time","finished"
257,NA,NA,"/match/1474976/matchfacts/fulham-vs-liverpool",1474976,"Fulham","Fulham",9879,"Liverpool","Liverpool",8650,"2014-02-12T19:00:00.000Z",TRUE,TRUE,FALSE,"2 - 3","FT","fulltime_short","Full-Time","finished"
258,NA,NA,"/match/1474972/matchfacts/stoke-city-vs-swansea-city",1474972,"Stoke City","Stoke",10194,"Swansea City","Swansea",10003,"2014-02-12T19:00:00.000Z",TRUE,TRUE,FALSE,"1 - 1","FT","fulltime_short","Full-Time","finished"
259,NA,NA,"/match/1474982/matchfacts/chelsea-vs-everton",1474982,"Chelsea","Chelsea",8455,"Everton","Everton",8668,"2014-02-22T11:45:00.000Z",TRUE,TRUE,FALSE,"1 - 0","FT","fulltime_short","Full-Time","finished"
260,NA,NA,"/match/1474979/matchfacts/arsenal-vs-sunderland",1474979,"Arsenal","Arsenal",9825,"Sunderland","Sunderland",8472,"2014-02-22T14:00:00.000Z",TRUE,TRUE,FALSE,"4 - 1","FT","fulltime_short","Full-Time","finished"
261,NA,NA,"/match/1474981/matchfacts/cardiff-city-vs-hull-city",1474981,"Cardiff City","Cardiff",8344,"Hull City","Hull",8667,"2014-02-22T14:00:00.000Z",TRUE,TRUE,FALSE,"0 - 4","FT","fulltime_short","Full-Time","finished"
262,NA,NA,"/match/1474986/matchfacts/manchester-city-vs-stoke-city",1474986,"Manchester City","Man City",8456,"Stoke City","Stoke",10194,"2014-02-22T14:00:00.000Z",TRUE,TRUE,FALSE,"1 - 0","FT","fulltime_short","Full-Time","finished"
263,NA,NA,"/match/1474990/matchfacts/west-bromwich-albion-vs-fulham",1474990,"West Bromwich Albion","West Brom",8659,"Fulham","Fulham",9879,"2014-02-22T14:00:00.000Z",TRUE,TRUE,FALSE,"1 - 1","FT","fulltime_short","Full-Time","finished"
264,NA,NA,"/match/1474991/matchfacts/west-ham-united-vs-southampton",1474991,"West Ham United","West Ham",8654,"Southampton","Southampton",8466,"2014-02-22T14:00:00.000Z",TRUE,TRUE,FALSE,"3 - 1","FT","fulltime_short","Full-Time","finished"
265,NA,NA,"/match/1474984/matchfacts/crystal-palace-vs-manchester-united",1474984,"Crystal Palace","Crystal Palace",9826,"Manchester United","Man United",10260,"2014-02-22T16:30:00.000Z",TRUE,TRUE,FALSE,"0 - 2","FT","fulltime_short","Full-Time","finished"
266,NA,NA,"/match/1474985/matchfacts/liverpool-vs-swansea-city",1474985,"Liverpool","Liverpool",8650,"Swansea City","Swansea",10003,"2014-02-23T12:30:00.000Z",TRUE,TRUE,FALSE,"4 - 3","FT","fulltime_short","Full-Time","finished"
267,NA,NA,"/match/1474987/matchfacts/newcastle-united-vs-aston-villa",1474987,"Newcastle United","Newcastle",10261,"Aston Villa","Aston Villa",10252,"2014-02-23T12:30:00.000Z",TRUE,TRUE,FALSE,"1 - 0","FT","fulltime_short","Full-Time","finished"
268,NA,NA,"/match/1474988/matchfacts/norwich-city-vs-tottenham-hotspur",1474988,"Norwich City","Norwich",9850,"Tottenham Hotspur","Tottenham",8586,"2014-02-23T15:00:00.000Z",TRUE,TRUE,FALSE,"1 - 0","FT","fulltime_short","Full-Time","finished"
269,NA,NA,"/match/1474994/matchfacts/everton-vs-west-ham-united",1474994,"Everton","Everton",8668,"West Ham United","West Ham",8654,"2014-03-01T14:00:00.000Z",TRUE,TRUE,FALSE,"1 - 0","FT","fulltime_short","Full-Time","finished"
270,NA,NA,"/match/1474995/matchfacts/fulham-vs-chelsea",1474995,"Fulham","Fulham",9879,"Chelsea","Chelsea",8455,"2014-03-01T14:00:00.000Z",TRUE,TRUE,FALSE,"1 - 3","FT","fulltime_short","Full-Time","finished"
271,NA,NA,"/match/1474996/matchfacts/hull-city-vs-newcastle-united",1474996,"Hull City","Hull",8667,"Newcastle United","Newcastle",10261,"2014-03-01T14:00:00.000Z",TRUE,TRUE,FALSE,"1 - 4","FT","fulltime_short","Full-Time","finished"
272,NA,NA,"/match/1474999/matchfacts/stoke-city-vs-arsenal",1474999,"Stoke City","Stoke",10194,"Arsenal","Arsenal",9825,"2014-03-01T14:00:00.000Z",TRUE,TRUE,FALSE,"1 - 0","FT","fulltime_short","Full-Time","finished"
273,NA,NA,"/match/1474998/matchfacts/southampton-vs-liverpool",1474998,"Southampton","Southampton",8466,"Liverpool","Liverpool",8650,"2014-03-01T16:30:00.000Z",TRUE,TRUE,FALSE,"0 - 3","FT","fulltime_short","Full-Time","finished"
274,NA,NA,"/match/1474993/matchfacts/aston-villa-vs-norwich-city",1474993,"Aston Villa","Aston Villa",10252,"Norwich City","Norwich",9850,"2014-03-02T15:30:00.000Z",TRUE,TRUE,FALSE,"4 - 1","FT","fulltime_short","Full-Time","finished"
275,NA,NA,"/match/1475002/matchfacts/swansea-city-vs-crystal-palace",1475002,"Swansea City","Swansea",10003,"Crystal Palace","Crystal Palace",9826,"2014-03-02T15:30:00.000Z",TRUE,TRUE,FALSE,"1 - 1","FT","fulltime_short","Full-Time","finished"
276,NA,NA,"/match/1475003/matchfacts/tottenham-hotspur-vs-cardiff-city",1475003,"Tottenham Hotspur","Tottenham",8586,"Cardiff City","Cardiff",8344,"2014-03-02T15:30:00.000Z",TRUE,TRUE,FALSE,"1 - 0","FT","fulltime_short","Full-Time","finished"
277,NA,NA,"/match/1475013/matchfacts/west-bromwich-albion-vs-manchester-united",1475013,"West Bromwich Albion","West Brom",8659,"Manchester United","Man United",10260,"2014-03-08T11:45:00.000Z",TRUE,TRUE,FALSE,"0 - 3","FT","fulltime_short","Full-Time","finished"
278,NA,NA,"/match/1475006/matchfacts/cardiff-city-vs-fulham",1475006,"Cardiff City","Cardiff",8344,"Fulham","Fulham",9879,"2014-03-08T14:00:00.000Z",TRUE,TRUE,FALSE,"3 - 1","FT","fulltime_short","Full-Time","finished"
279,NA,NA,"/match/1475008/matchfacts/crystal-palace-vs-southampton",1475008,"Crystal Palace","Crystal Palace",9826,"Southampton","Southampton",8466,"2014-03-08T14:00:00.000Z",TRUE,TRUE,FALSE,"0 - 1","FT","fulltime_short","Full-Time","finished"
280,NA,NA,"/match/1475012/matchfacts/norwich-city-vs-stoke-city",1475012,"Norwich City","Norwich",9850,"Stoke City","Stoke",10194,"2014-03-08T14:00:00.000Z",TRUE,TRUE,FALSE,"1 - 1","FT","fulltime_short","Full-Time","finished"
281,NA,NA,"/match/1475007/matchfacts/chelsea-vs-tottenham-hotspur",1475007,"Chelsea","Chelsea",8455,"Tottenham Hotspur","Tottenham",8586,"2014-03-08T16:30:00.000Z",TRUE,TRUE,FALSE,"4 - 0","FT","fulltime_short","Full-Time","finished"
282,NA,NA,"/match/1475019/matchfacts/hull-city-vs-manchester-city",1475019,"Hull City","Hull",8667,"Manchester City","Man City",8456,"2014-03-15T11:45:00.000Z",TRUE,TRUE,FALSE,"0 - 2","FT","fulltime_short","Full-Time","finished"
283,NA,NA,"/match/1475016/matchfacts/everton-vs-cardiff-city",1475016,"Everton","Everton",8668,"Cardiff City","Cardiff",8344,"2014-03-15T14:00:00.000Z",TRUE,TRUE,FALSE,"2 - 1","FT","fulltime_short","Full-Time","finished"
284,NA,NA,"/match/1475018/matchfacts/fulham-vs-newcastle-united",1475018,"Fulham","Fulham",9879,"Newcastle United","Newcastle",10261,"2014-03-15T14:00:00.000Z",TRUE,TRUE,FALSE,"1 - 0","FT","fulltime_short","Full-Time","finished"
285,NA,NA,"/match/1475023/matchfacts/southampton-vs-norwich-city",1475023,"Southampton","Southampton",8466,"Norwich City","Norwich",9850,"2014-03-15T14:00:00.000Z",TRUE,TRUE,FALSE,"4 - 2","FT","fulltime_short","Full-Time","finished"
286,NA,NA,"/match/1475024/matchfacts/stoke-city-vs-west-ham-united",1475024,"Stoke City","Stoke",10194,"West Ham United","West Ham",8654,"2014-03-15T14:00:00.000Z",TRUE,TRUE,FALSE,"3 - 1","FT","fulltime_short","Full-Time","finished"
287,NA,NA,"/match/1475025/matchfacts/sunderland-vs-crystal-palace",1475025,"Sunderland","Sunderland",8472,"Crystal Palace","Crystal Palace",9826,"2014-03-15T14:00:00.000Z",TRUE,TRUE,FALSE,"0 - 0","FT","fulltime_short","Full-Time","finished"
288,NA,NA,"/match/1474316/matchfacts/swansea-city-vs-west-bromwich-albion",1474316,"Swansea City","Swansea",10003,"West Bromwich Albion","West Brom",8659,"2014-03-15T14:00:00.000Z",TRUE,TRUE,FALSE,"1 - 2","FT","fulltime_short","Full-Time","finished"
289,NA,NA,"/match/1475015/matchfacts/aston-villa-vs-chelsea",1475015,"Aston Villa","Aston Villa",10252,"Chelsea","Chelsea",8455,"2014-03-15T16:30:00.000Z",TRUE,TRUE,FALSE,"1 - 0","FT","fulltime_short","Full-Time","finished"
290,NA,NA,"/match/1475020/matchfacts/manchester-united-vs-liverpool",1475020,"Manchester United","Man United",10260,"Liverpool","Liverpool",8650,"2014-03-16T12:30:00.000Z",TRUE,TRUE,FALSE,"0 - 3","FT","fulltime_short","Full-Time","finished"
291,NA,NA,"/match/1475026/matchfacts/tottenham-hotspur-vs-arsenal",1475026,"Tottenham Hotspur","Tottenham",8586,"Arsenal","Arsenal",9825,"2014-03-16T15:00:00.000Z",TRUE,TRUE,FALSE,"0 - 1","FT","fulltime_short","Full-Time","finished"
292,NA,NA,"/match/1475029/matchfacts/chelsea-vs-arsenal",1475029,"Chelsea","Chelsea",8455,"Arsenal","Arsenal",9825,"2014-03-22T11:45:00.000Z",TRUE,TRUE,FALSE,"6 - 0","FT","fulltime_short","Full-Time","finished"
293,NA,NA,"/match/1475028/matchfacts/cardiff-city-vs-liverpool",1475028,"Cardiff City","Cardiff",8344,"Liverpool","Liverpool",8650,"2014-03-22T14:00:00.000Z",TRUE,TRUE,FALSE,"3 - 6","FT","fulltime_short","Full-Time","finished"
294,NA,NA,"/match/1475030/matchfacts/everton-vs-swansea-city",1475030,"Everton","Everton",8668,"Swansea City","Swansea",10003,"2014-03-22T14:00:00.000Z",TRUE,TRUE,FALSE,"3 - 2","FT","fulltime_short","Full-Time","finished"
295,NA,NA,"/match/1475031/matchfacts/hull-city-vs-west-bromwich-albion",1475031,"Hull City","Hull",8667,"West Bromwich Albion","West Brom",8659,"2014-03-22T14:00:00.000Z",TRUE,TRUE,FALSE,"2 - 0","FT","fulltime_short","Full-Time","finished"
296,NA,NA,"/match/1475032/matchfacts/manchester-city-vs-fulham",1475032,"Manchester City","Man City",8456,"Fulham","Fulham",9879,"2014-03-22T14:00:00.000Z",TRUE,TRUE,FALSE,"5 - 0","FT","fulltime_short","Full-Time","finished"
297,NA,NA,"/match/1475034/matchfacts/newcastle-united-vs-crystal-palace",1475034,"Newcastle United","Newcastle",10261,"Crystal Palace","Crystal Palace",9826,"2014-03-22T14:00:00.000Z",TRUE,TRUE,FALSE,"1 - 0","FT","fulltime_short","Full-Time","finished"
298,NA,NA,"/match/1475035/matchfacts/norwich-city-vs-sunderland",1475035,"Norwich City","Norwich",9850,"Sunderland","Sunderland",8472,"2014-03-22T14:00:00.000Z",TRUE,TRUE,FALSE,"2 - 0","FT","fulltime_short","Full-Time","finished"
299,NA,NA,"/match/1475038/matchfacts/west-ham-united-vs-manchester-united",1475038,"West Ham United","West Ham",8654,"Manchester United","Man United",10260,"2014-03-22T16:30:00.000Z",TRUE,TRUE,FALSE,"0 - 2","FT","fulltime_short","Full-Time","finished"
300,NA,NA,"/match/1475037/matchfacts/tottenham-hotspur-vs-southampton",1475037,"Tottenham Hotspur","Tottenham",8586,"Southampton","Southampton",8466,"2014-03-23T12:30:00.000Z",TRUE,TRUE,FALSE,"3 - 2","FT","fulltime_short","Full-Time","finished"
301,NA,NA,"/match/1475027/matchfacts/aston-villa-vs-stoke-city",1475027,"Aston Villa","Aston Villa",10252,"Stoke City","Stoke",10194,"2014-03-23T15:00:00.000Z",TRUE,TRUE,FALSE,"1 - 4","FT","fulltime_short","Full-Time","finished"
302,NA,NA,"/match/1475005/matchfacts/arsenal-vs-swansea-city",1475005,"Arsenal","Arsenal",9825,"Swansea City","Swansea",10003,"2014-03-25T18:45:00.000Z",TRUE,TRUE,FALSE,"2 - 2","FT","fulltime_short","Full-Time","finished"
303,NA,NA,"/match/1474997/matchfacts/manchester-united-vs-manchester-city",1474997,"Manchester United","Man United",10260,"Manchester City","Man City",8456,"2014-03-25T18:45:00.000Z",TRUE,TRUE,FALSE,"0 - 3","FT","fulltime_short","Full-Time","finished"
304,NA,NA,"/match/1475011/matchfacts/newcastle-united-vs-everton",1475011,"Newcastle United","Newcastle",10261,"Everton","Everton",8668,"2014-03-25T18:45:00.000Z",TRUE,TRUE,FALSE,"0 - 3","FT","fulltime_short","Full-Time","finished"
305,NA,NA,"/match/1475014/matchfacts/west-ham-united-vs-hull-city",1475014,"West Ham United","West Ham",8654,"Hull City","Hull",8667,"2014-03-26T18:45:00.000Z",TRUE,TRUE,FALSE,"2 - 1","FT","fulltime_short","Full-Time","finished"
306,NA,NA,"/match/1475009/matchfacts/liverpool-vs-sunderland",1475009,"Liverpool","Liverpool",8650,"Sunderland","Sunderland",8472,"2014-03-26T19:00:00.000Z",TRUE,TRUE,FALSE,"2 - 1","FT","fulltime_short","Full-Time","finished"
307,NA,NA,"/match/1475043/matchfacts/manchester-united-vs-aston-villa",1475043,"Manchester United","Man United",10260,"Aston Villa","Aston Villa",10252,"2014-03-29T11:45:00.000Z",TRUE,TRUE,FALSE,"4 - 1","FT","fulltime_short","Full-Time","finished"
308,NA,NA,"/match/1475040/matchfacts/crystal-palace-vs-chelsea",1475040,"Crystal Palace","Crystal Palace",9826,"Chelsea","Chelsea",8455,"2014-03-29T14:00:00.000Z",TRUE,TRUE,FALSE,"1 - 0","FT","fulltime_short","Full-Time","finished"
309,NA,NA,"/match/1475044/matchfacts/southampton-vs-newcastle-united",1475044,"Southampton","Southampton",8466,"Newcastle United","Newcastle",10261,"2014-03-29T14:00:00.000Z",TRUE,TRUE,FALSE,"4 - 0","FT","fulltime_short","Full-Time","finished"
310,NA,NA,"/match/1475046/matchfacts/stoke-city-vs-hull-city",1475046,"Stoke City","Stoke",10194,"Hull City","Hull",8667,"2014-03-29T14:00:00.000Z",TRUE,TRUE,FALSE,"1 - 0","FT","fulltime_short","Full-Time","finished"
311,NA,NA,"/match/1475049/matchfacts/swansea-city-vs-norwich-city",1475049,"Swansea City","Swansea",10003,"Norwich City","Norwich",9850,"2014-03-29T14:00:00.000Z",TRUE,TRUE,FALSE,"3 - 0","FT","fulltime_short","Full-Time","finished"
312,NA,NA,"/match/1475050/matchfacts/west-bromwich-albion-vs-cardiff-city",1475050,"West Bromwich Albion","West Brom",8659,"Cardiff City","Cardiff",8344,"2014-03-29T14:00:00.000Z",TRUE,TRUE,FALSE,"3 - 3","FT","fulltime_short","Full-Time","finished"
313,NA,NA,"/match/1475039/matchfacts/arsenal-vs-manchester-city",1475039,"Arsenal","Arsenal",9825,"Manchester City","Man City",8456,"2014-03-29T16:30:00.000Z",TRUE,TRUE,FALSE,"1 - 1","FT","fulltime_short","Full-Time","finished"
314,NA,NA,"/match/1475041/matchfacts/fulham-vs-everton",1475041,"Fulham","Fulham",9879,"Everton","Everton",8668,"2014-03-30T10:30:00.000Z",TRUE,TRUE,FALSE,"1 - 3","FT","fulltime_short","Full-Time","finished"
315,NA,NA,"/match/1475042/matchfacts/liverpool-vs-tottenham-hotspur",1475042,"Liverpool","Liverpool",8650,"Tottenham Hotspur","Tottenham",8586,"2014-03-30T13:00:00.000Z",TRUE,TRUE,FALSE,"4 - 0","FT","fulltime_short","Full-Time","finished"
316,NA,NA,"/match/1475047/matchfacts/sunderland-vs-west-ham-united",1475047,"Sunderland","Sunderland",8472,"West Ham United","West Ham",8654,"2014-03-31T17:00:00.000Z",TRUE,TRUE,FALSE,"1 - 2","FT","fulltime_short","Full-Time","finished"
317,NA,NA,"/match/1475057/matchfacts/manchester-city-vs-southampton",1475057,"Manchester City","Man City",8456,"Southampton","Southampton",8466,"2014-04-05T09:45:00.000Z",TRUE,TRUE,FALSE,"4 - 1","FT","fulltime_short","Full-Time","finished"
318,NA,NA,"/match/1475051/matchfacts/aston-villa-vs-fulham",1475051,"Aston Villa","Aston Villa",10252,"Fulham","Fulham",9879,"2014-04-05T12:00:00.000Z",TRUE,TRUE,FALSE,"1 - 2","FT","fulltime_short","Full-Time","finished"
319,NA,NA,"/match/1475052/matchfacts/cardiff-city-vs-crystal-palace",1475052,"Cardiff City","Cardiff",8344,"Crystal Palace","Crystal Palace",9826,"2014-04-05T12:00:00.000Z",TRUE,TRUE,FALSE,"0 - 3","FT","fulltime_short","Full-Time","finished"
320,NA,NA,"/match/1475056/matchfacts/hull-city-vs-swansea-city",1475056,"Hull City","Hull",8667,"Swansea City","Swansea",10003,"2014-04-05T12:00:00.000Z",TRUE,TRUE,FALSE,"1 - 0","FT","fulltime_short","Full-Time","finished"
321,NA,NA,"/match/1475058/matchfacts/newcastle-united-vs-manchester-united",1475058,"Newcastle United","Newcastle",10261,"Manchester United","Man United",10260,"2014-04-05T12:00:00.000Z",TRUE,TRUE,FALSE,"0 - 4","FT","fulltime_short","Full-Time","finished"
322,NA,NA,"/match/1475059/matchfacts/norwich-city-vs-west-bromwich-albion",1475059,"Norwich City","Norwich",9850,"West Bromwich Albion","West Brom",8659,"2014-04-05T12:00:00.000Z",TRUE,TRUE,FALSE,"0 - 1","FT","fulltime_short","Full-Time","finished"
323,NA,NA,"/match/1475054/matchfacts/chelsea-vs-stoke-city",1475054,"Chelsea","Chelsea",8455,"Stoke City","Stoke",10194,"2014-04-05T14:30:00.000Z",TRUE,TRUE,FALSE,"3 - 0","FT","fulltime_short","Full-Time","finished"
324,NA,NA,"/match/1475055/matchfacts/everton-vs-arsenal",1475055,"Everton","Everton",8668,"Arsenal","Arsenal",9825,"2014-04-06T10:30:00.000Z",TRUE,TRUE,FALSE,"3 - 0","FT","fulltime_short","Full-Time","finished"
325,NA,NA,"/match/1475062/matchfacts/west-ham-united-vs-liverpool",1475062,"West Ham United","West Ham",8654,"Liverpool","Liverpool",8650,"2014-04-06T13:00:00.000Z",TRUE,TRUE,FALSE,"1 - 2","FT","fulltime_short","Full-Time","finished"
326,NA,NA,"/match/1475061/matchfacts/tottenham-hotspur-vs-sunderland",1475061,"Tottenham Hotspur","Tottenham",8586,"Sunderland","Sunderland",8472,"2014-04-07T17:00:00.000Z",TRUE,TRUE,FALSE,"5 - 1","FT","fulltime_short","Full-Time","finished"
327,NA,NA,"/match/1475064/matchfacts/crystal-palace-vs-aston-villa",1475064,"Crystal Palace","Crystal Palace",9826,"Aston Villa","Aston Villa",10252,"2014-04-12T12:07:00.000Z",TRUE,TRUE,FALSE,"1 - 0","FT","fulltime_short","Full-Time","finished"
328,NA,NA,"/match/1475065/matchfacts/fulham-vs-norwich-city",1475065,"Fulham","Fulham",9879,"Norwich City","Norwich",9850,"2014-04-12T12:07:00.000Z",TRUE,TRUE,FALSE,"1 - 0","FT","fulltime_short","Full-Time","finished"
329,NA,NA,"/match/1475068/matchfacts/southampton-vs-cardiff-city",1475068,"Southampton","Southampton",8466,"Cardiff City","Cardiff",8344,"2014-04-12T12:07:00.000Z",TRUE,TRUE,FALSE,"0 - 1","FT","fulltime_short","Full-Time","finished"
330,NA,NA,"/match/1475070/matchfacts/stoke-city-vs-newcastle-united",1475070,"Stoke City","Stoke",10194,"Newcastle United","Newcastle",10261,"2014-04-12T12:07:00.000Z",TRUE,TRUE,FALSE,"1 - 0","FT","fulltime_short","Full-Time","finished"
331,NA,NA,"/match/1475072/matchfacts/sunderland-vs-everton",1475072,"Sunderland","Sunderland",8472,"Everton","Everton",8668,"2014-04-12T12:07:00.000Z",TRUE,TRUE,FALSE,"0 - 1","FT","fulltime_short","Full-Time","finished"
332,NA,NA,"/match/1475074/matchfacts/west-bromwich-albion-vs-tottenham-hotspur",1475074,"West Bromwich Albion","West Brom",8659,"Tottenham Hotspur","Tottenham",8586,"2014-04-12T12:07:00.000Z",TRUE,TRUE,FALSE,"3 - 3","FT","fulltime_short","Full-Time","finished"
333,NA,NA,"/match/1475066/matchfacts/liverpool-vs-manchester-city",1475066,"Liverpool","Liverpool",8650,"Manchester City","Man City",8456,"2014-04-13T10:37:00.000Z",TRUE,TRUE,FALSE,"3 - 2","FT","fulltime_short","Full-Time","finished"
334,NA,NA,"/match/1475073/matchfacts/swansea-city-vs-chelsea",1475073,"Swansea City","Swansea",10003,"Chelsea","Chelsea",8455,"2014-04-13T13:07:00.000Z",TRUE,TRUE,FALSE,"0 - 1","FT","fulltime_short","Full-Time","finished"
335,NA,NA,"/match/1475063/matchfacts/arsenal-vs-west-ham-united",1475063,"Arsenal","Arsenal",9825,"West Ham United","West Ham",8654,"2014-04-15T16:45:00.000Z",TRUE,TRUE,FALSE,"3 - 1","FT","fulltime_short","Full-Time","finished"
336,NA,NA,"/match/1474975/matchfacts/everton-vs-crystal-palace",1474975,"Everton","Everton",8668,"Crystal Palace","Crystal Palace",9826,"2014-04-16T16:45:00.000Z",TRUE,TRUE,FALSE,"2 - 3","FT","fulltime_short","Full-Time","finished"
337,NA,NA,"/match/1474977/matchfacts/manchester-city-vs-sunderland",1474977,"Manchester City","Man City",8456,"Sunderland","Sunderland",8472,"2014-04-16T16:45:00.000Z",TRUE,TRUE,FALSE,"2 - 2","FT","fulltime_short","Full-Time","finished"
338,NA,NA,"/match/1475085/matchfacts/tottenham-hotspur-vs-fulham",1475085,"Tottenham Hotspur","Tottenham",8586,"Fulham","Fulham",9879,"2014-04-19T09:45:00.000Z",TRUE,TRUE,FALSE,"3 - 1","FT","fulltime_short","Full-Time","finished"
339,NA,NA,"/match/1475075/matchfacts/aston-villa-vs-southampton",1475075,"Aston Villa","Aston Villa",10252,"Southampton","Southampton",8466,"2014-04-19T12:00:00.000Z",TRUE,TRUE,FALSE,"0 - 0","FT","fulltime_short","Full-Time","finished"
340,NA,NA,"/match/1475076/matchfacts/cardiff-city-vs-stoke-city",1475076,"Cardiff City","Cardiff",8344,"Stoke City","Stoke",10194,"2014-04-19T12:00:00.000Z",TRUE,TRUE,FALSE,"1 - 1","FT","fulltime_short","Full-Time","finished"
341,NA,NA,"/match/1475083/matchfacts/newcastle-united-vs-swansea-city",1475083,"Newcastle United","Newcastle",10261,"Swansea City","Swansea",10003,"2014-04-19T12:00:00.000Z",TRUE,TRUE,FALSE,"1 - 2","FT","fulltime_short","Full-Time","finished"
342,NA,NA,"/match/1475086/matchfacts/west-ham-united-vs-crystal-palace",1475086,"West Ham United","West Ham",8654,"Crystal Palace","Crystal Palace",9826,"2014-04-19T12:00:00.000Z",TRUE,TRUE,FALSE,"0 - 1","FT","fulltime_short","Full-Time","finished"
343,NA,NA,"/match/1475077/matchfacts/chelsea-vs-sunderland",1475077,"Chelsea","Chelsea",8455,"Sunderland","Sunderland",8472,"2014-04-19T14:30:00.000Z",TRUE,TRUE,FALSE,"1 - 2","FT","fulltime_short","Full-Time","finished"
344,NA,NA,"/match/1475084/matchfacts/norwich-city-vs-liverpool",1475084,"Norwich City","Norwich",9850,"Liverpool","Liverpool",8650,"2014-04-20T09:00:00.000Z",TRUE,TRUE,FALSE,"2 - 3","FT","fulltime_short","Full-Time","finished"
345,NA,NA,"/match/1475080/matchfacts/hull-city-vs-arsenal",1475080,"Hull City","Hull",8667,"Arsenal","Arsenal",9825,"2014-04-20T11:05:00.000Z",TRUE,TRUE,FALSE,"0 - 3","FT","fulltime_short","Full-Time","finished"
346,NA,NA,"/match/1475078/matchfacts/everton-vs-manchester-united",1475078,"Everton","Everton",8668,"Manchester United","Man United",10260,"2014-04-20T13:10:00.000Z",TRUE,TRUE,FALSE,"2 - 0","FT","fulltime_short","Full-Time","finished"
347,NA,NA,"/match/1475082/matchfacts/manchester-city-vs-west-bromwich-albion",1475082,"Manchester City","Man City",8456,"West Bromwich Albion","West Brom",8659,"2014-04-21T17:00:00.000Z",TRUE,TRUE,FALSE,"3 - 1","FT","fulltime_short","Full-Time","finished"
348,NA,NA,"/match/1475092/matchfacts/southampton-vs-everton",1475092,"Southampton","Southampton",8466,"Everton","Everton",8668,"2014-04-26T09:45:00.000Z",TRUE,TRUE,FALSE,"2 - 0","FT","fulltime_short","Full-Time","finished"
349,NA,NA,"/match/1475089/matchfacts/fulham-vs-hull-city",1475089,"Fulham","Fulham",9879,"Hull City","Hull",8667,"2014-04-26T12:00:00.000Z",TRUE,TRUE,FALSE,"2 - 2","FT","fulltime_short","Full-Time","finished"
350,NA,NA,"/match/1475093/matchfacts/stoke-city-vs-tottenham-hotspur",1475093,"Stoke City","Stoke",10194,"Tottenham Hotspur","Tottenham",8586,"2014-04-26T12:00:00.000Z",TRUE,TRUE,FALSE,"0 - 1","FT","fulltime_short","Full-Time","finished"
351,NA,NA,"/match/1475096/matchfacts/swansea-city-vs-aston-villa",1475096,"Swansea City","Swansea",10003,"Aston Villa","Aston Villa",10252,"2014-04-26T12:00:00.000Z",TRUE,TRUE,FALSE,"4 - 1","FT","fulltime_short","Full-Time","finished"
352,NA,NA,"/match/1475097/matchfacts/west-bromwich-albion-vs-west-ham-united",1475097,"West Bromwich Albion","West Brom",8659,"West Ham United","West Ham",8654,"2014-04-26T12:00:00.000Z",TRUE,TRUE,FALSE,"1 - 0","FT","fulltime_short","Full-Time","finished"
353,NA,NA,"/match/1475091/matchfacts/manchester-united-vs-norwich-city",1475091,"Manchester United","Man United",10260,"Norwich City","Norwich",9850,"2014-04-26T14:30:00.000Z",TRUE,TRUE,FALSE,"4 - 0","FT","fulltime_short","Full-Time","finished"
354,NA,NA,"/match/1475095/matchfacts/sunderland-vs-cardiff-city",1475095,"Sunderland","Sunderland",8472,"Cardiff City","Cardiff",8344,"2014-04-27T09:00:00.000Z",TRUE,TRUE,FALSE,"4 - 0","FT","fulltime_short","Full-Time","finished"
355,NA,NA,"/match/1475090/matchfacts/liverpool-vs-chelsea",1475090,"Liverpool","Liverpool",8650,"Chelsea","Chelsea",8455,"2014-04-27T11:05:00.000Z",TRUE,TRUE,FALSE,"0 - 2","FT","fulltime_short","Full-Time","finished"
356,NA,NA,"/match/1475088/matchfacts/crystal-palace-vs-manchester-city",1475088,"Crystal Palace","Crystal Palace",9826,"Manchester City","Man City",8456,"2014-04-27T13:10:00.000Z",TRUE,TRUE,FALSE,"0 - 2","FT","fulltime_short","Full-Time","finished"
357,NA,NA,"/match/1475087/matchfacts/arsenal-vs-newcastle-united",1475087,"Arsenal","Arsenal",9825,"Newcastle United","Newcastle",10261,"2014-04-28T17:00:00.000Z",TRUE,TRUE,FALSE,"3 - 0","FT","fulltime_short","Full-Time","finished"
358,NA,NA,"/match/1475108/matchfacts/west-ham-united-vs-tottenham-hotspur",1475108,"West Ham United","West Ham",8654,"Tottenham Hotspur","Tottenham",8586,"2014-05-03T09:45:00.000Z",TRUE,TRUE,FALSE,"2 - 0","FT","fulltime_short","Full-Time","finished"
359,NA,NA,"/match/1475099/matchfacts/aston-villa-vs-hull-city",1475099,"Aston Villa","Aston Villa",10252,"Hull City","Hull",8667,"2014-05-03T12:00:00.000Z",TRUE,TRUE,FALSE,"3 - 1","FT","fulltime_short","Full-Time","finished"
360,NA,NA,"/match/1475103/matchfacts/manchester-united-vs-sunderland",1475103,"Manchester United","Man United",10260,"Sunderland","Sunderland",8472,"2014-05-03T12:00:00.000Z",TRUE,TRUE,FALSE,"0 - 1","FT","fulltime_short","Full-Time","finished"
361,NA,NA,"/match/1475105/matchfacts/newcastle-united-vs-cardiff-city",1475105,"Newcastle United","Newcastle",10261,"Cardiff City","Cardiff",8344,"2014-05-03T12:00:00.000Z",TRUE,TRUE,FALSE,"3 - 0","FT","fulltime_short","Full-Time","finished"
362,NA,NA,"/match/1475106/matchfacts/stoke-city-vs-fulham",1475106,"Stoke City","Stoke",10194,"Fulham","Fulham",9879,"2014-05-03T12:00:00.000Z",TRUE,TRUE,FALSE,"4 - 1","FT","fulltime_short","Full-Time","finished"
363,NA,NA,"/match/1475107/matchfacts/swansea-city-vs-southampton",1475107,"Swansea City","Swansea",10003,"Southampton","Southampton",8466,"2014-05-03T12:00:00.000Z",TRUE,TRUE,FALSE,"0 - 1","FT","fulltime_short","Full-Time","finished"
364,NA,NA,"/match/1475102/matchfacts/everton-vs-manchester-city",1475102,"Everton","Everton",8668,"Manchester City","Man City",8456,"2014-05-03T14:30:00.000Z",TRUE,TRUE,FALSE,"2 - 3","FT","fulltime_short","Full-Time","finished"
365,NA,NA,"/match/1475098/matchfacts/arsenal-vs-west-bromwich-albion",1475098,"Arsenal","Arsenal",9825,"West Bromwich Albion","West Brom",8659,"2014-05-04T10:30:00.000Z",TRUE,TRUE,FALSE,"1 - 0","FT","fulltime_short","Full-Time","finished"
366,NA,NA,"/match/1475100/matchfacts/chelsea-vs-norwich-city",1475100,"Chelsea","Chelsea",8455,"Norwich City","Norwich",9850,"2014-05-04T13:00:00.000Z",TRUE,TRUE,FALSE,"0 - 0","FT","fulltime_short","Full-Time","finished"
367,NA,NA,"/match/1475101/matchfacts/crystal-palace-vs-liverpool",1475101,"Crystal Palace","Crystal Palace",9826,"Liverpool","Liverpool",8650,"2014-05-05T17:00:00.000Z",TRUE,TRUE,FALSE,"3 - 3","FT","fulltime_short","Full-Time","finished"
368,NA,NA,"/match/1475067/matchfacts/manchester-united-vs-hull-city",1475067,"Manchester United","Man United",10260,"Hull City","Hull",8667,"2014-05-06T16:45:00.000Z",TRUE,TRUE,FALSE,"3 - 1","FT","fulltime_short","Full-Time","finished"
369,NA,NA,"/match/1475010/matchfacts/manchester-city-vs-aston-villa",1475010,"Manchester City","Man City",8456,"Aston Villa","Aston Villa",10252,"2014-05-07T16:45:00.000Z",TRUE,TRUE,FALSE,"4 - 0","FT","fulltime_short","Full-Time","finished"
370,NA,NA,"/match/1475000/matchfacts/sunderland-vs-west-bromwich-albion",1475000,"Sunderland","Sunderland",8472,"West Bromwich Albion","West Brom",8659,"2014-05-07T16:45:00.000Z",TRUE,TRUE,FALSE,"2 - 0","FT","fulltime_short","Full-Time","finished"
371,NA,NA,"/match/1475109/matchfacts/cardiff-city-vs-chelsea",1475109,"Cardiff City","Cardiff",8344,"Chelsea","Chelsea",8455,"2014-05-11T12:00:00.000Z",TRUE,TRUE,FALSE,"1 - 2","FT","fulltime_short","Full-Time","finished"
372,NA,NA,"/match/1475111/matchfacts/fulham-vs-crystal-palace",1475111,"Fulham","Fulham",9879,"Crystal Palace","Crystal Palace",9826,"2014-05-11T12:00:00.000Z",TRUE,TRUE,FALSE,"2 - 2","FT","fulltime_short","Full-Time","finished"
373,NA,NA,"/match/1475112/matchfacts/hull-city-vs-everton",1475112,"Hull City","Hull",8667,"Everton","Everton",8668,"2014-05-11T12:00:00.000Z",TRUE,TRUE,FALSE,"0 - 2","FT","fulltime_short","Full-Time","finished"
374,NA,NA,"/match/1475113/matchfacts/liverpool-vs-newcastle-united",1475113,"Liverpool","Liverpool",8650,"Newcastle United","Newcastle",10261,"2014-05-11T12:00:00.000Z",TRUE,TRUE,FALSE,"2 - 1","FT","fulltime_short","Full-Time","finished"
375,NA,NA,"/match/1475114/matchfacts/manchester-city-vs-west-ham-united",1475114,"Manchester City","Man City",8456,"West Ham United","West Ham",8654,"2014-05-11T12:00:00.000Z",TRUE,TRUE,FALSE,"2 - 0","FT","fulltime_short","Full-Time","finished"
376,NA,NA,"/match/1475115/matchfacts/norwich-city-vs-arsenal",1475115,"Norwich City","Norwich",9850,"Arsenal","Arsenal",9825,"2014-05-11T12:00:00.000Z",TRUE,TRUE,FALSE,"0 - 2","FT","fulltime_short","Full-Time","finished"
377,NA,NA,"/match/1475116/matchfacts/southampton-vs-manchester-united",1475116,"Southampton","Southampton",8466,"Manchester United","Man United",10260,"2014-05-11T12:00:00.000Z",TRUE,TRUE,FALSE,"1 - 1","FT","fulltime_short","Full-Time","finished"
378,NA,NA,"/match/1475118/matchfacts/sunderland-vs-swansea-city",1475118,"Sunderland","Sunderland",8472,"Swansea City","Swansea",10003,"2014-05-11T12:00:00.000Z",TRUE,TRUE,FALSE,"1 - 3","FT","fulltime_short","Full-Time","finished"
379,NA,NA,"/match/1475119/matchfacts/tottenham-hotspur-vs-aston-villa",1475119,"Tottenham Hotspur","Tottenham",8586,"Aston Villa","Aston Villa",10252,"2014-05-11T12:00:00.000Z",TRUE,TRUE,FALSE,"3 - 0","FT","fulltime_short","Full-Time","finished"
380,NA,NA,"/match/1475120/matchfacts/west-bromwich-albion-vs-stoke-city",1475120,"West Bromwich Albion","West Brom",8659,"Stoke City","Stoke",10194,"2014-05-11T12:00:00.000Z",TRUE,TRUE,FALSE,"1 - 2","FT","fulltime_short","Full-Time","finished"
