"Player","Nation","Age","Born","Pos","Squad","Season","Points","Bonus","MP_Playing Time","Starts_Playing Time","Min_Playing Time","Gls","Ast","G+A","G_minus_PK","PK","PKatt","CrdY","CrdR","Mins_Per_90_Playing Time","Gls_Per 90 Minutes","Ast_Per 90 Minutes","G+A_Per 90 Minutes","G_minus_PK_Per 90 Minutes","CS"
"Aaron Cresswell","eng ENG",28,1989,"DEF","West Ham",2019,34,0,20,18,1589,0,1,1,0,0,0,1,0,17.7,0,0.06,0.06,0,1
"Aaron Lennon","eng ENG",31,1987,"MID","Burnley",2019,41,2,16,14,1215,1,1,2,1,0,0,1,0,13.5,0.07,0.07,0.15,0.07,3
"Aaron Mooy","au AUS",27,1990,"MID","Huddersfield",2019,76,5,29,25,2330,3,1,4,2,1,1,4,0,25.9,0.12,0.04,0.15,0.08,3
"Aaron Ramsey","wls WAL",27,1990,"MID","Arsenal",2019,91,4,28,14,1331,4,6,10,4,0,0,0,0,14.8,0.27,0.41,0.68,0.27,9
"Aaron Rowe","eng ENG",17,2000,"MID","Huddersfield",2019,2,0,2,1,69,0,0,0,0,0,0,0,0,0.8,0,0,0,0,0
"Aaron Wan-Bissaka","eng ENG",20,1997,"DEF","Crystal Palace",2019,120,18,35,35,3134,0,3,3,0,0,0,4,1,34.8,0,0.09,0.09,0,12
"Abdelhamid Sabiri","ma MAR",21,1996,"MID","Huddersfield",2019,2,0,2,1,48,0,0,0,0,0,0,0,0,0.5,0,0,0,0,0
"Abdoulaye Doucoure","ml MLI",25,1993,"MID","Watford",2019,124,14,35,34,3062,5,6,11,5,0,0,7,0,34,0.15,0.18,0.32,0.15,5
"Aboubakar Kamara","mr MTN",23,1995,"FWD","Fulham",2019,28,2,13,5,693,3,0,3,2,1,2,2,0,7.7,0.39,0,0.39,0.26,1
"Adam Lallana","eng ENG",30,1988,"MID","Liverpool",2019,23,0,13,5,468,0,0,0,0,0,0,1,0,5.2,0,0,0,0,3
"Adam Masina","ma MAR",24,1994,"DEF","Watford",2019,26,1,14,11,1004,0,1,1,0,0,0,5,0,11.2,0,0.09,0.09,0,2
"Adam Smith","eng ENG",27,1991,"DEF","Bournemouth",2019,70,1,25,25,2066,1,1,2,1,0,0,5,1,23,0.04,0.04,0.09,0.04,8
"Adama Diakhaby","fr FRA",22,1996,"MID","Huddersfield",2019,19,0,12,6,552,0,0,0,0,0,0,1,0,6.1,0,0,0,0,1
"Adama Traore","es ESP",22,1996,"MID","Wolves",2019,44,2,29,8,902,1,1,2,1,0,0,1,0,10,0.1,0.1,0.2,0.1,1
"Ademola Lookman","ng NGA",20,1997,"MID","Everton",2019,34,0,21,3,618,0,2,2,0,0,0,0,0,6.9,0,0.29,0.29,0,1
"Adrian Mariappa","jm JAM",31,1986,"DEF","Watford",2019,57,2,26,20,1927,0,0,0,0,0,0,3,0,21.4,0,0,0,0,5
"Adrien Silva","pt POR",29,1989,"MID","Leicester City",2019,3,0,2,1,88,0,0,0,0,0,0,0,0,1,0,0,0,0,0
"Ainsley Maitland-Niles","eng ENG",20,1997,"MID","Arsenal",2019,34,3,16,11,987,1,1,2,1,0,0,2,1,11,0.09,0.09,0.18,0.09,2
"Alberto Moreno","es ESP",26,1992,"DEF","Liverpool",2019,4,0,2,2,154,0,0,0,0,0,0,0,0,1.7,0,0,0,0,0
"Aleksandar Mitrovic","rs SRB",23,1994,"FWD","Fulham",2019,134,12,37,37,3280,11,3,14,10,1,1,7,0,36.4,0.3,0.08,0.38,0.27,5
"Alex Iwobi","ng NGA",22,1996,"MID","Arsenal",2019,99,3,35,22,1970,3,6,9,3,0,0,0,0,21.9,0.14,0.27,0.41,0.14,4
"Alex McCarthy","eng ENG",28,1989,"GKP","Southampton",2019,73,6,25,25,2250,0,0,0,0,0,0,1,0,25,0,0,0,0,4
"Alex Oxlade-Chamberlain","eng ENG",24,1993,"MID","Liverpool",2019,2,0,2,0,21,0,0,0,0,0,0,0,0,0.2,0,0,0,0,0
"Alex Pritchard","eng ENG",25,1993,"MID","Huddersfield",2019,69,2,30,26,2081,2,0,2,2,0,0,2,0,23.1,0.09,0,0.09,0.09,7
"Alexander Sorloth","no NOR",22,1995,"FWD","Crystal Palace",2019,12,0,12,0,185,0,0,0,0,0,0,0,0,2.1,0,0,0,0,0
"Alexandre Lacazette","fr FRA",27,1991,"FWD","Arsenal",2019,166,20,35,27,2502,13,8,21,13,0,0,2,0,27.8,0.47,0.29,0.76,0.47,6
"Alexis Sanchez","cl CHI",29,1988,"MID","Manchester Utd",2019,47,1,20,9,880,1,3,4,1,0,0,3,0,9.8,0.1,0.31,0.41,0.1,2
"Alfie Mawson","eng ENG",24,1994,"DEF","Fulham",2019,19,2,15,13,1131,0,0,0,0,0,0,2,0,12.6,0,0,0,0,1
"Alireza Jahanbakhsh","ir IRN",24,1993,"MID","Brighton",2019,33,0,19,12,1020,0,0,0,0,0,0,2,0,11.3,0,0,0,0,5
"Alisson","br BRA",25,1992,"GKP","Liverpool",2019,176,9,38,38,3420,0,0,0,0,0,0,1,0,38,0,0,0,0,21
"Alvaro Morata","es ESP",25,1992,"FWD","Chelsea",2019,46,3,16,11,941,5,0,5,5,0,0,3,0,10.5,0.48,0,0.48,0.48,6
"Ander Herrera","es ESP",28,1989,"MID","Manchester Utd",2019,62,6,22,16,1403,2,3,5,2,0,0,4,0,15.6,0.13,0.19,0.32,0.13,5
"Andre Gomes","pt POR",25,1993,"MID","Everton",2019,64,2,27,24,1980,1,1,2,1,0,0,7,0,22,0.05,0.05,0.09,0.05,9
"Andre Gray","jm JAM",27,1991,"FWD","Watford",2019,83,10,29,13,1366,7,2,9,7,0,0,2,0,15.2,0.46,0.13,0.59,0.46,4
"Andre Schurrle","de GER",27,1990,"MID","Fulham",2019,75,2,24,21,1641,6,0,6,6,0,0,2,0,18.2,0.33,0,0.33,0.33,2
"Andre-Frank Zambo Anguissa","cm CMR",22,1995,"MID","Fulham",2019,37,0,22,16,1517,0,0,0,0,0,0,2,1,16.9,0,0,0,0,3
"Andreas Christensen","dk DEN",22,1996,"DEF","Chelsea",2019,22,0,8,6,617,0,0,0,0,0,0,1,0,6.9,0,0,0,0,3
"Andreas Pereira","br BRA",22,1996,"MID","Manchester Utd",2019,27,2,15,6,599,1,1,2,1,0,0,5,0,6.7,0.15,0.15,0.3,0.15,1
"Andrew Robertson","sct SCO",24,1994,"DEF","Liverpool",2019,213,29,36,36,3216,0,11,11,0,0,0,4,0,35.7,0,0.31,0.31,0,21
"Andrew Surman","eng ENG",31,1986,"MID","Bournemouth",2019,36,0,18,16,1439,0,0,0,0,0,0,2,0,16,0,0,0,0,4
"Andriy Yarmolenko","ua UKR",28,1989,"MID","West Ham",2019,27,2,9,5,459,2,0,2,2,0,0,2,0,5.1,0.39,0,0.39,0.39,1
"Andros Townsend","eng ENG",27,1991,"MID","Crystal Palace",2019,135,8,38,34,3009,6,4,10,6,0,0,1,0,33.4,0.18,0.12,0.3,0.18,11
"Andy Carroll","eng ENG",29,1989,"FWD","West Ham",2019,12,0,12,3,461,0,0,0,0,0,0,2,0,5.1,0,0,0,0,0
"Angel Gomes","eng ENG",17,2000,"MID","Manchester Utd",2019,2,0,2,0,27,0,0,0,0,0,0,0,0,0.3,0,0,0,0,0
"Angelo Ogbonna","it ITA",30,1988,"DEF","West Ham",2019,48,2,24,20,1874,1,1,2,1,0,0,2,0,20.8,0.05,0.05,0.1,0.05,2
"Angus Gunn","sct SCO",22,1996,"GKP","Southampton",2019,47,4,12,12,1080,0,0,0,0,0,0,0,0,12,0,0,0,0,3
"Anthony Knockaert","fr FRA",26,1991,"MID","Brighton",2019,74,2,30,18,1837,2,6,8,2,0,0,4,1,20.4,0.1,0.29,0.39,0.1,3
"Anthony Martial","fr FRA",22,1995,"MID","Manchester Utd",2019,122,13,27,18,1621,10,2,12,9,1,1,2,0,18,0.56,0.11,0.67,0.5,5
"Antonio Barreca","it ITA",23,1995,"DEF","Newcastle Utd",2019,1,0,1,0,5,0,0,0,0,0,0,0,0,0.1,0,0,0,0,0
"Antonio Rudiger","de GER",25,1993,"DEF","Chelsea",2019,116,9,33,33,2871,1,0,1,1,0,0,7,0,31.9,0.03,0,0.03,0.03,12
"Antonio Valencia","ec ECU",32,1985,"DEF","Manchester Utd",2019,17,1,6,5,466,0,0,0,0,0,0,2,0,5.2,0,0,0,0,2
"Aron Gunnarsson","is ISL",29,1989,"MID","Cardiff City",2019,65,3,28,27,2266,1,1,2,1,0,0,5,0,25.2,0.04,0.04,0.08,0.04,6
"Arthur Masuaku","cd COD",24,1993,"MID","West Ham",2019,49,0,23,19,1759,0,1,1,0,0,0,2,0,19.5,0,0.05,0.05,0,4
"Artur Boruc","pl POL",38,1980,"GKP","Bournemouth",2019,46,4,12,12,1080,0,0,0,0,0,0,2,0,12,0,0,0,0,4
"Ashley Barnes","eng ENG",28,1989,"FWD","Burnley",2019,122,13,37,26,2388,12,2,14,10,2,2,8,0,26.5,0.45,0.08,0.53,0.38,7
"Ashley Westwood","eng ENG",28,1990,"MID","Burnley",2019,111,10,34,31,2824,2,7,9,2,0,0,5,0,31.4,0.06,0.22,0.29,0.06,7
"Ashley Young","eng ENG",33,1985,"DEF","Manchester Utd",2019,73,4,30,28,2569,2,2,4,2,0,0,9,1,28.5,0.07,0.07,0.14,0.07,4
"Asmir Begovic","ba BIH",31,1987,"GKP","Bournemouth",2019,63,4,24,24,2160,0,0,0,0,0,0,0,0,24,0,0,0,0,5
"Aymeric Laporte","es ESP",24,1994,"DEF","Manchester City",2019,177,16,35,34,3057,3,3,6,3,0,0,3,0,34,0.09,0.09,0.18,0.09,18
"Ayoze Perez","es ESP",25,1993,"FWD","Newcastle Utd",2019,141,19,37,34,2917,12,2,14,12,0,0,2,0,32.4,0.37,0.06,0.43,0.37,11
"Bakary Sako","ml MLI",30,1988,"MID","Crystal Palace",2019,4,0,4,0,29,0,0,0,0,0,0,0,0,0.3,0,0,0,0,0
"Ben Chilwell","eng ENG",21,1996,"DEF","Leicester City",2019,118,8,36,36,3240,0,4,4,0,0,0,4,0,36,0,0.11,0.11,0,10
"Ben Davies","wls WAL",25,1993,"MID","Tottenham",2019,26,0,27,20,1844,0,0,0,0,0,0,2,0,20.5,0,0,0,0,2
"Ben Foster","eng ENG",35,1983,"GKP","Watford",2019,129,11,38,38,3420,0,0,0,0,0,0,1,0,38,0,0,0,0,7
"Ben Gibson","eng ENG",25,1993,"DEF","Burnley",2019,6,0,1,1,62,1,0,1,1,0,0,1,0,0.7,1.45,0,1.45,1.45,0
"Ben Hamer","eng ENG",30,1987,"GKP","Huddersfield",2019,9,0,7,7,552,0,0,0,0,0,0,0,0,6.1,0,0,0,0,0
"Ben Johnson","eng ENG",18,2000,"DEF","West Ham",2019,2,0,1,1,62,0,0,0,0,0,0,0,0,0.7,0,0,0,0,0
"Ben Mee","eng ENG",28,1989,"DEF","Burnley",2019,81,5,38,38,3420,0,2,2,0,0,0,9,0,38,0,0.05,0.05,0,8
"Ben Wilmot","eng ENG",18,1999,"DEF","Watford",2019,1,0,2,0,28,0,0,0,0,0,0,0,0,0.3,0,0,0,0,0
"Benjamin Mendy","fr FRA",24,1994,"DEF","Manchester City",2019,59,6,10,10,900,0,5,5,0,0,0,1,0,10,0,0.5,0.5,0,4
"Beram Kayal","il ISR",30,1988,"MID","Brighton",2019,36,0,18,9,940,1,1,2,1,0,0,4,0,10.4,0.1,0.1,0.19,0.1,4
"Bernard","br BRA",25,1992,"MID","Everton",2019,88,5,34,25,2116,1,3,4,1,0,0,5,0,23.5,0.04,0.13,0.17,0.04,13
"Bernardo","br BRA",23,1995,"DEF","Brighton",2019,39,0,22,19,1752,0,1,1,0,0,0,4,0,19.5,0,0.05,0.05,0,2
"Bernardo Silva","pt POR",23,1994,"MID","Manchester City",2019,154,17,36,31,2854,7,7,14,7,0,0,3,0,31.7,0.22,0.22,0.44,0.22,15
"Bernd Leno","de GER",26,1992,"GKP","Arsenal",2019,106,5,32,31,2836,0,0,0,0,0,0,0,0,31.5,0,0,0,0,6
"Bobby Reid","jm JAM",25,1993,"FWD","Cardiff City",2019,80,9,27,16,1424,5,2,7,4,1,1,0,0,15.8,0.32,0.13,0.44,0.25,4
"Bruno","es ESP",37,1980,"DEF","Brighton",2019,46,7,14,14,1131,0,1,1,0,0,0,2,0,12.6,0,0.08,0.08,0,4
"Bruno Ecuele Manga","ga GAB",30,1988,"DEF","Cardiff City",2019,97,4,38,37,3376,0,1,1,0,0,0,0,0,37.5,0,0.03,0.03,0,10
"Bukayo Saka","eng ENG",16,2001,"MID","Arsenal",2019,1,0,1,0,8,0,0,0,0,0,0,0,0,0.1,0,0,0,0,0
"Caglar Soyuncu","tr TUR",22,1996,"DEF","Leicester City",2019,9,0,6,4,372,0,0,0,0,0,0,1,0,4.1,0,0,0,0,0
"Callum Hudson-Odoi","eng ENG",17,2000,"MID","Chelsea",2019,18,1,10,4,393,0,1,1,0,0,0,0,0,4.4,0,0.23,0.23,0,2
"Callum Paterson","sct SCO",23,1994,"MID","Cardiff City",2019,80,4,27,21,1998,4,1,5,4,0,0,4,0,22.2,0.18,0.05,0.23,0.18,5
"Callum Slattery","eng ENG",19,1999,"MID","Southampton",2019,4,0,3,1,112,0,0,0,0,0,0,0,0,1.2,0,0,0,0,0
"Callum Wilson","eng ENG",26,1992,"FWD","Bournemouth",2019,168,22,30,29,2528,14,9,23,13,1,2,3,0,28.1,0.5,0.32,0.82,0.46,9
"Calum Chambers","eng ENG",23,1995,"DEF","Fulham",2019,60,0,31,29,2588,2,0,2,2,0,0,9,0,28.8,0.07,0,0.07,0.07,5
"Carl Jenkinson","eng ENG",26,1992,"DEF","Arsenal",2019,4,0,3,2,166,0,0,0,0,0,0,0,0,1.8,0,0,0,0,0
"Carlos Sanchez","co COL",32,1986,"MID","West Ham",2019,9,0,7,2,245,0,0,0,0,0,0,0,0,2.7,0,0,0,0,0
"Cedric Soares","pt POR",26,1991,"DEF","Southampton",2019,52,7,18,16,1495,1,2,3,1,0,0,4,0,16.6,0.06,0.12,0.18,0.06,4
"Cenk Tosun","tr TUR",27,1991,"FWD","Everton",2019,56,3,25,10,1059,3,3,6,3,0,0,3,0,11.8,0.25,0.25,0.51,0.25,1
"Cesar Azpilicueta","es ESP",28,1989,"DEF","Chelsea",2019,158,11,38,38,3402,1,5,6,1,0,0,4,0,37.8,0.03,0.13,0.16,0.03,16
"Cesc Fabregas","es ESP",31,1987,"MID","Chelsea",2019,6,0,6,1,180,0,0,0,0,0,0,1,0,2,0,0,0,0,0
"Charlie Austin","eng ENG",29,1989,"FWD","Southampton",2019,46,1,25,11,983,2,2,4,2,0,1,1,0,10.9,0.18,0.18,0.37,0.18,5
"Charlie Daniels","eng ENG",31,1986,"DEF","Bournemouth",2019,44,1,21,17,1585,1,0,1,1,0,0,4,0,17.6,0.06,0,0.06,0.06,4
"Charlie Taylor","eng ENG",24,1993,"DEF","Burnley",2019,82,2,38,35,3243,0,1,1,0,0,0,2,0,36,0,0.03,0.03,0,7
"Cheikhou Kouyate","sn SEN",28,1989,"MID","Crystal Palace",2019,67,0,31,21,1899,0,2,2,0,0,0,3,0,21.1,0,0.09,0.09,0,9
"Chris Lowe","de GER",29,1989,"DEF","Huddersfield",2019,49,6,29,23,2057,0,2,2,0,0,0,2,0,22.9,0,0.09,0.09,0,1
"Chris Mepham","wls WAL",20,1997,"DEF","Bournemouth",2019,27,0,13,10,850,0,1,1,0,0,0,1,0,9.4,0,0.11,0.11,0,2
"Chris Smalling","eng ENG",28,1989,"DEF","Manchester Utd",2019,56,3,24,24,2127,1,0,1,1,0,0,1,0,23.6,0.04,0,0.04,0.04,4
"Chris Wood","nz NZL",26,1991,"FWD","Burnley",2019,131,17,38,29,2588,10,2,12,10,0,0,2,0,28.8,0.35,0.07,0.42,0.35,7
"Christian Atsu","gh GHA",26,1992,"MID","Newcastle Utd",2019,55,0,28,15,1493,1,0,1,1,0,0,2,0,16.6,0.06,0,0.06,0.06,6
"Christian Benteke","be BEL",27,1990,"FWD","Crystal Palace",2019,33,3,16,9,814,1,1,2,1,0,0,1,0,9,0.11,0.11,0.22,0.11,3
"Christian Eriksen","dk DEN",26,1992,"MID","Tottenham",2019,161,15,35,30,2774,8,12,20,8,0,0,3,0,30.8,0.26,0.39,0.65,0.26,8
"Christian Fuchs","at AUT",32,1986,"DEF","Leicester City",2019,3,0,3,2,207,0,0,0,0,0,0,0,0,2.3,0,0,0,0,0
"Christian Kabasele","be BEL",27,1991,"DEF","Watford",2019,36,1,21,19,1586,0,0,0,0,0,0,4,1,17.6,0,0,0,0,3
"Christopher Schindler","de GER",28,1990,"DEF","Huddersfield",2019,76,7,37,37,3260,1,0,1,1,0,0,5,1,36.2,0.03,0,0.03,0.03,5
"Ciaran Clark","ie IRL",28,1989,"DEF","Newcastle Utd",2019,42,4,11,9,858,3,0,3,3,0,0,1,0,9.5,0.31,0,0.31,0.31,2
"Collin Quaner","de GER",27,1991,"FWD","Huddersfield",2019,2,0,2,0,39,0,0,0,0,0,0,0,0,0.4,0,0,0,0,0
"Connor Wickham","eng ENG",25,1993,"FWD","Crystal Palace",2019,9,0,6,0,67,0,1,1,0,0,0,0,0,0.7,0,1.34,1.34,0,0
"Conor Coady","eng ENG",25,1993,"DEF","Wolves",2019,94,6,38,38,3420,0,0,0,0,0,0,5,0,38,0,0,0,0,9
"Craig Cathcart","nir NIR",29,1989,"DEF","Watford",2019,93,5,36,35,3096,3,0,3,3,0,0,2,0,34.4,0.09,0,0.09,0.09,6
"Cyrus Christie","ie IRL",25,1992,"DEF","Fulham",2019,42,2,28,19,1948,0,1,1,0,0,0,7,0,21.6,0,0.05,0.05,0,3
"Dale Stephens","eng ENG",29,1989,"MID","Brighton",2019,65,4,30,29,2485,1,1,2,1,0,0,6,1,27.6,0.04,0.04,0.07,0.04,5
"Dan Gosling","eng ENG",28,1990,"MID","Bournemouth",2019,54,0,25,19,1739,2,1,3,2,0,0,8,0,19.3,0.1,0.05,0.16,0.1,4
"Daniel Amartey","gh GHA",23,1994,"MID","Leicester City",2019,15,0,9,7,641,0,0,0,0,0,0,2,0,7.1,0,0,0,0,1
"Daniel Sturridge","eng ENG",28,1989,"FWD","Liverpool",2019,34,2,18,4,509,2,1,3,2,0,0,1,0,5.7,0.35,0.18,0.53,0.35,2
"Danilo","br BRA",27,1991,"DEF","Manchester City",2019,46,7,11,9,807,1,0,1,1,0,0,1,0,9,0.11,0,0.11,0.11,4
"Danny Ings","eng ENG",26,1992,"FWD","Southampton",2019,90,11,24,23,1651,7,3,10,4,3,3,1,0,18.3,0.38,0.16,0.55,0.22,5
"Danny Rose","eng ENG",28,1990,"DEF","Tottenham",2019,86,5,26,20,1798,0,3,3,0,0,0,5,0,20,0,0.15,0.15,0,8
"Danny Simpson","eng ENG",31,1987,"DEF","Leicester City",2019,12,0,6,3,292,0,0,0,0,0,0,0,0,3.2,0,0,0,0,1
"Danny Ward","eng ENG",26,1991,"MID","Cardiff City",2019,22,0,14,4,445,1,0,1,1,0,0,0,0,4.9,0.2,0,0.2,0.2,0
"Danny Welbeck","eng ENG",27,1990,"FWD","Arsenal",2019,19,3,8,1,153,1,1,2,1,0,0,0,0,1.7,0.59,0.59,1.18,0.59,0
"Danny Williams","us USA",29,1989,"MID","Huddersfield",2019,6,0,5,1,96,0,0,0,0,0,0,1,0,1.1,0,0,0,0,1
"Daryl Janmaat","nl NED",29,1989,"DEF","Watford",2019,50,6,18,17,1520,0,2,2,0,0,0,3,0,16.9,0,0.12,0.12,0,3
"David Brooks","wls WAL",21,1997,"MID","Bournemouth",2019,123,7,30,29,2261,7,5,12,7,0,0,3,0,25.1,0.28,0.2,0.48,0.28,9
"David Button","eng ENG",29,1989,"GKP","Brighton",2019,15,2,4,4,360,0,0,0,0,0,0,0,0,4,0,0,0,0,1
"David Luiz","br BRA",31,1987,"DEF","Chelsea",2019,164,19,36,36,3238,3,2,5,3,0,0,3,0,36,0.08,0.06,0.14,0.08,16
"David Silva","es ESP",32,1986,"MID","Manchester City",2019,143,14,33,28,2401,6,8,14,6,0,0,2,0,26.7,0.22,0.3,0.52,0.22,16
"David de Gea","es ESP",27,1990,"GKP","Manchester Utd",2019,120,7,38,38,3420,0,0,0,0,0,0,1,0,38,0,0,0,0,7
"Davide Zappacosta","it ITA",26,1992,"DEF","Chelsea",2019,9,0,4,1,128,0,0,0,0,0,0,0,0,1.4,0,0,0,0,1
"Davinson Sanchez","co COL",22,1996,"DEF","Tottenham",2019,78,4,23,22,1942,1,1,2,1,0,0,2,0,21.6,0.05,0.05,0.09,0.05,6
"Davy Propper","nl NED",26,1991,"MID","Brighton",2019,72,3,30,30,2546,1,1,2,1,0,0,2,0,28.3,0.04,0.04,0.07,0.04,4
"DeAndre Yedlin","us USA",25,1993,"DEF","Newcastle Utd",2019,63,1,29,28,2473,1,2,3,1,0,0,6,1,27.5,0.04,0.07,0.11,0.04,5
"Declan Rice","eng ENG",19,1999,"DEF","West Ham",2019,92,9,34,34,3003,2,0,2,2,0,0,4,0,33.4,0.06,0,0.06,0.06,6
"Dejan Lovren","hr CRO",29,1989,"DEF","Liverpool",2019,63,9,13,11,986,1,0,1,1,0,0,1,0,11,0.09,0,0.09,0.09,6
"Dele Alli","eng ENG",22,1996,"MID","Tottenham",2019,94,8,25,22,1825,5,3,8,5,0,0,4,0,20.3,0.25,0.15,0.39,0.25,8
"Demarai Gray","jm JAM",22,1996,"MID","Leicester City",2019,84,3,34,23,1985,4,1,5,4,0,0,2,0,22.1,0.18,0.05,0.23,0.18,6
"Demeaco Duhaney","eng ENG",19,1998,"DEF","Huddersfield",2019,1,0,1,1,45,0,0,0,0,0,0,0,0,0.5,0,0,0,0,0
"Denis Odoi","gh GHA",30,1988,"DEF","Fulham",2019,44,2,31,29,2594,0,1,1,0,0,0,4,0,28.8,0,0.03,0.03,0,3
"Denis Suarez","es ESP",24,1994,"MID","Arsenal",2019,4,0,4,0,71,0,0,0,0,0,0,0,0,0.8,0,0,0,0,0
"Diego Rico","es ESP",25,1993,"DEF","Bournemouth",2019,8,0,12,5,612,0,0,0,0,0,0,1,0,6.8,0,0,0,0,0
"Diogo Dalot","pt POR",19,1999,"DEF","Manchester Utd",2019,27,0,16,12,1013,0,2,2,0,0,0,3,0,11.3,0,0.18,0.18,0,1
"Diogo Jota","pt POR",21,1996,"MID","Wolves",2019,139,13,33,29,2355,9,5,14,9,0,0,11,0,26.2,0.34,0.19,0.54,0.34,10
"Divock Origi","be BEL",23,1995,"FWD","Liverpool",2019,32,1,12,4,371,3,1,4,3,0,0,0,0,4.1,0.73,0.24,0.97,0.73,3
"Domingos Quina","pt POR",18,1999,"MID","Watford",2019,17,2,8,3,338,1,0,1,1,0,0,0,0,3.8,0.27,0,0.27,0.27,0
"Dominic Calvert-Lewin","eng ENG",21,1997,"FWD","Everton",2019,92,3,35,19,1784,6,2,8,6,0,0,3,0,19.8,0.3,0.1,0.4,0.3,8
"Dominic Solanke","eng ENG",20,1997,"FWD","Bournemouth",2019,15,0,10,2,347,0,1,1,0,0,0,0,0,3.9,0,0.26,0.26,0,0
"Dwight McNeil","eng ENG",18,1999,"MID","Burnley",2019,75,6,21,19,1591,3,5,8,3,0,0,2,0,17.7,0.17,0.28,0.45,0.17,5
"Eddie Nketiah","eng ENG",19,1999,"FWD","Arsenal",2019,10,1,5,0,67,1,0,1,1,0,0,0,0,0.7,1.34,0,1.34,1.34,0
"Eden Hazard","be BEL",27,1991,"MID","Chelsea",2019,238,35,37,32,2923,16,15,31,12,4,4,2,0,32.5,0.49,0.46,0.95,0.37,12
"Ederson","br BRA",24,1993,"GKP","Manchester City",2019,169,6,38,38,3420,0,1,1,0,0,0,2,0,38,0,0.03,0.03,0,20
"Elias Kachunga","cd COD",26,1992,"FWD","Huddersfield",2019,29,0,20,13,1182,0,0,0,0,0,0,2,0,13.1,0,0,0,0,1
"Emerson Hyndman","us USA",22,1996,"MID","Bournemouth",2019,1,0,1,0,38,0,0,0,0,0,0,0,0,0.4,0,0,0,0,0
"Emerson Palmieri","it ITA",23,1994,"DEF","Chelsea",2019,22,1,10,7,663,0,0,0,0,0,0,0,0,7.4,0,0,0,0,2
"Eric Bailly","ci CIV",24,1994,"DEF","Manchester Utd",2019,16,0,12,8,638,0,0,0,0,0,0,0,1,7.1,0,0,0,0,1
"Eric Dier","eng ENG",24,1994,"MID","Tottenham",2019,56,3,20,18,1506,3,0,3,3,0,0,4,0,16.7,0.18,0,0.18,0.18,5
"Erik Durm","de GER",26,1992,"DEF","Huddersfield",2019,49,2,28,21,2055,0,1,1,0,0,0,0,0,22.8,0,0.04,0.04,0,3
"Erik Lamela","ar ARG",26,1992,"MID","Tottenham",2019,67,5,19,9,974,4,2,6,4,0,0,2,0,10.8,0.37,0.18,0.55,0.37,4
"Etienne Capoue","fr FRA",30,1988,"MID","Watford",2019,79,8,33,33,2944,1,3,4,1,0,0,14,1,32.7,0.03,0.09,0.12,0.03,8
"Fabian Balbuena","py PAR",26,1991,"DEF","West Ham",2019,61,3,23,23,2013,1,0,1,1,0,0,2,0,22.4,0.04,0,0.04,0.04,5
"Fabian Delph","eng ENG",28,1989,"DEF","Manchester City",2019,29,2,11,8,725,0,1,1,0,0,0,1,1,8.1,0,0.12,0.12,0,3
"Fabian Schar","ch SUI",26,1991,"DEF","Newcastle Utd",2019,93,9,24,22,1999,4,1,5,4,0,0,12,0,22.2,0.18,0.05,0.23,0.18,7
"Fabinho","br BRA",24,1993,"MID","Liverpool",2019,65,0,28,21,2017,1,2,3,1,0,0,6,0,22.4,0.04,0.09,0.13,0.04,11
"Fabricio","es ESP",30,1987,"GKP","Fulham",2019,8,2,2,2,180,0,0,0,0,0,0,0,0,2,0,0,0,0,0
"Federico Fernandez","ar ARG",29,1989,"DEF","Newcastle Utd",2019,47,5,19,17,1484,0,1,1,0,0,0,2,0,16.5,0,0.06,0.06,0,3
"Felipe Anderson","br BRA",25,1993,"MID","West Ham",2019,155,18,36,36,3043,9,4,13,9,0,0,3,0,33.8,0.27,0.12,0.38,0.27,7
"Fernandinho","br BRA",33,1985,"MID","Manchester City",2019,79,4,29,27,2377,1,3,4,1,0,0,5,0,26.4,0.04,0.11,0.15,0.04,12
"Fernando Llorente","es ESP",33,1985,"FWD","Tottenham",2019,41,3,20,6,694,1,4,5,1,0,0,2,0,7.7,0.13,0.52,0.65,0.13,2
"Florent Hadergjonaj","xk KVX",24,1994,"DEF","Huddersfield",2019,50,1,24,19,1842,0,0,0,0,0,0,1,0,20.5,0,0,0,0,4
"Florian Lejeune","fr FRA",27,1991,"DEF","Newcastle Utd",2019,35,0,12,12,1054,0,0,0,0,0,0,0,0,11.7,0,0,0,0,4
"Florin Andone","ro ROU",25,1993,"FWD","Brighton",2019,38,2,23,8,881,3,0,3,3,0,0,5,0,9.8,0.31,0,0.31,0.31,2
"Floyd Ayite","tg TOG",29,1988,"MID","Fulham",2019,24,0,16,3,476,1,0,1,1,0,0,0,0,5.3,0.19,0,0.19,0.19,0
"Fousseni Diabate","ml MLI",22,1995,"MID","Leicester City",2019,1,0,1,1,54,0,0,0,0,0,0,0,0,0.6,0,0,0,0,0
"Fraser Forster","eng ENG",30,1988,"GKP","Southampton",2019,2,0,1,1,90,0,0,0,0,0,0,0,0,1,0,0,0,0,0
"Fred","br BRA",25,1993,"MID","Manchester Utd",2019,40,3,17,13,1041,1,1,2,1,0,0,2,0,11.6,0.09,0.09,0.17,0.09,1
"Gabriel Jesus","br BRA",21,1997,"FWD","Manchester City",2019,79,7,29,8,1036,7,3,10,6,1,1,1,0,11.5,0.61,0.26,0.87,0.52,2
"Gaetan Bong","cm CMR",30,1988,"DEF","Brighton",2019,48,0,22,19,1808,0,0,0,0,0,0,0,0,20.1,0,0,0,0,5
"Gary Cahill","eng ENG",32,1985,"DEF","Chelsea",2019,2,0,2,0,24,0,0,0,0,0,0,0,0,0.3,0,0,0,0,0
"Gary Madine","eng ENG",27,1990,"FWD","Cardiff City",2019,5,0,5,0,37,0,0,0,0,0,0,0,0,0.4,0,0,0,0,0
"Georges-Kevin N'Koudou","cm CMR",23,1995,"MID","Tottenham",2019,4,0,1,0,5,0,1,1,0,0,0,0,0,0.1,0,18,18,0,0
"Georginio Wijnaldum","nl NED",27,1990,"MID","Liverpool",2019,108,9,35,32,2725,3,0,3,3,0,0,3,0,30.3,0.1,0,0.1,0.1,18
"Gerard Deulofeu","es ESP",24,1994,"MID","Watford",2019,133,10,30,26,2066,10,5,15,10,0,0,3,0,23,0.44,0.22,0.65,0.44,9
"Glenn Murray","eng ENG",34,1983,"FWD","Brighton",2019,129,16,38,30,2508,13,1,14,9,4,4,5,0,27.9,0.47,0.04,0.5,0.32,4
"Gonzalo Higuain","ar ARG",30,1987,"FWD","Chelsea",2019,53,6,14,13,1085,5,0,5,5,0,0,0,0,12.1,0.41,0,0.41,0.41,5
"Grady Diangana","eng ENG",20,1998,"MID","West Ham",2019,25,0,17,6,609,0,1,1,0,0,0,0,0,6.8,0,0.15,0.15,0,2
"Granit Xhaka","ch SUI",25,1992,"MID","Arsenal",2019,90,8,29,29,2498,4,2,6,4,0,0,10,0,27.8,0.14,0.07,0.22,0.14,7
"Greg Cunningham","ie IRL",27,1991,"DEF","Cardiff City",2019,9,0,7,7,630,0,0,0,0,0,0,3,0,7,0,0,0,0,1
"Gylfi Sigurdsson","is ISL",28,1989,"MID","Everton",2019,182,20,38,36,3117,13,6,19,11,2,5,3,0,34.6,0.38,0.17,0.55,0.32,15
"Hamza Choudhury","eng ENG",20,1997,"MID","Leicester City",2019,20,0,9,7,595,0,0,0,0,0,0,0,0,6.6,0,0,0,0,4
"Harry Arter","ie IRL",28,1989,"MID","Cardiff City",2019,48,0,25,24,1997,0,1,1,0,0,0,10,0,22.2,0,0.05,0.05,0,7
"Harry Kane","eng ENG",25,1993,"FWD","Tottenham",2019,160,24,28,27,2424,17,4,21,13,4,4,5,0,26.9,0.63,0.15,0.78,0.48,9
"Harry Maguire","eng ENG",25,1993,"DEF","Leicester City",2019,92,10,31,31,2596,3,0,3,3,0,0,6,1,28.8,0.1,0,0.1,0.1,6
"Harry Winks","eng ENG",22,1996,"MID","Tottenham",2019,53,3,26,17,1597,1,0,1,1,0,0,4,0,17.7,0.06,0,0.06,0.06,6
"Harvey Barnes","eng ENG",20,1997,"MID","Leicester City",2019,43,1,16,11,1004,1,2,3,1,0,0,0,0,11.2,0.09,0.18,0.27,0.09,1
"Harvey Elliott","eng ENG",15,2003,"MID","Fulham",2019,2,0,2,0,20,0,0,0,0,0,0,0,0,0.2,0,0,0,0,0
"Havard Nordtveit","no NOR",28,1990,"DEF","Fulham",2019,8,0,5,4,362,0,1,1,0,0,0,0,0,4,0,0.25,0.25,0,0
"Hector Bellerin","es ESP",23,1995,"DEF","Arsenal",2019,60,5,19,18,1533,0,5,5,0,0,0,3,0,17,0,0.29,0.29,0,4
"Helder Costa","ao ANG",24,1994,"MID","Wolves",2019,52,0,25,16,1341,1,2,3,1,0,0,3,0,14.9,0.07,0.13,0.2,0.07,5
"Henrikh Mkhitaryan","am ARM",29,1989,"MID","Arsenal",2019,98,12,25,19,1641,6,4,10,6,0,0,1,0,18.2,0.33,0.22,0.55,0.33,3
"Hugo Lloris","fr FRA",31,1986,"GKP","Tottenham",2019,145,10,33,33,2970,0,0,0,0,0,0,0,0,33,0,0,0,0,12
"Ibrahima Cisse","gn GUI",24,1994,"MID","Fulham",2019,4,0,3,1,88,0,0,0,0,0,0,0,0,1,0,0,0,0,0
"Idrissa Gana Gueye","sn SEN",28,1989,"MID","Everton",2019,78,0,33,32,2822,0,2,2,0,0,0,6,0,31.4,0,0.06,0.06,0,13
"Ilkay Gundogan","de GER",27,1990,"MID","Manchester City",2019,113,10,31,23,2137,6,3,9,6,0,0,3,0,23.7,0.25,0.13,0.38,0.25,13
"Isaac Hayden","eng ENG",23,1995,"MID","Newcastle Utd",2019,69,5,25,21,1859,1,4,5,1,0,0,3,1,20.7,0.05,0.19,0.24,0.05,7
"Isaac Mbenza","be BEL",22,1996,"MID","Huddersfield",2019,38,0,22,10,986,1,1,2,1,0,0,1,0,11,0.09,0.09,0.18,0.09,0
"Isaac Success","ng NGA",22,1996,"FWD","Watford",2019,42,0,30,9,1052,1,1,2,1,0,0,4,0,11.7,0.09,0.09,0.17,0.09,2
"Issa Diop","fr FRA",21,1997,"DEF","West Ham",2019,87,6,33,33,2970,1,0,1,1,0,0,4,0,33,0.03,0,0.03,0.03,7
"Ivan Cavaleiro","pt POR",24,1993,"MID","Wolves",2019,48,3,23,6,693,3,1,4,3,0,0,1,0,7.7,0.39,0.13,0.52,0.39,1
"Jack Cork","eng ENG",29,1989,"MID","Burnley",2019,87,0,37,37,3312,1,2,3,1,0,0,6,0,36.8,0.03,0.05,0.08,0.03,8
"Jack Simpson","eng ENG",21,1996,"DEF","Bournemouth",2019,10,0,6,4,403,0,0,0,0,0,0,0,0,4.5,0,0,0,0,1
"Jack Stephens","eng ENG",24,1994,"DEF","Southampton",2019,47,4,24,19,1700,1,0,1,1,0,0,4,0,18.9,0.05,0,0.05,0.05,3
"Jack Wilshere","eng ENG",26,1992,"MID","West Ham",2019,17,0,8,4,392,0,1,1,0,0,0,2,0,4.4,0,0.23,0.23,0,1
"Jacob Murphy","eng ENG",23,1995,"MID","Newcastle Utd",2019,16,0,9,3,302,0,1,1,0,0,0,0,0,3.4,0,0.3,0.3,0,1
"Jamaal Lascelles","eng ENG",24,1993,"DEF","Newcastle Utd",2019,95,8,32,32,2745,0,1,1,0,0,0,4,0,30.5,0,0.03,0.03,0,10
"James Garner","eng ENG",17,2001,"MID","Manchester Utd",2019,1,0,1,0,1,0,0,0,0,0,0,0,0,0,0,0,0,0,0
"James Maddison","eng ENG",21,1996,"MID","Leicester City",2019,137,12,36,35,2831,7,7,14,6,1,2,4,1,31.5,0.22,0.22,0.45,0.19,8
"James McArthur","sct SCO",30,1987,"MID","Crystal Palace",2019,121,7,38,36,3058,3,6,9,3,0,0,7,0,34,0.09,0.18,0.26,0.09,11
"James McCarthy","ie IRL",27,1990,"MID","Everton",2019,1,0,1,0,15,0,0,0,0,0,0,0,0,0.2,0,0,0,0,0
"James Milner","eng ENG",32,1986,"MID","Liverpool",2019,101,12,31,19,1789,5,4,9,2,3,3,6,1,19.9,0.25,0.2,0.45,0.1,9
"James Tarkowski","eng ENG",25,1992,"DEF","Burnley",2019,97,7,35,35,3086,3,1,4,3,0,0,8,0,34.3,0.09,0.03,0.12,0.09,7
"James Tomkins","eng ENG",29,1989,"DEF","Crystal Palace",2019,86,0,29,29,2560,1,1,2,1,0,0,5,0,28.4,0.04,0.04,0.07,0.04,10
"James Ward-Prowse","eng ENG",23,1994,"MID","Southampton",2019,94,15,26,21,1945,7,0,7,6,1,1,4,0,21.6,0.32,0,0.32,0.28,3
"Jamie Vardy","eng ENG",31,1987,"FWD","Leicester City",2019,174,31,34,30,2726,18,4,22,14,4,5,3,1,30.3,0.59,0.13,0.73,0.46,11
"Jan Bednarek","pl POL",22,1996,"DEF","Southampton",2019,49,3,25,24,2151,0,1,1,0,0,0,7,0,23.9,0,0.04,0.04,0,3
"Jan Vertonghen","be BEL",31,1987,"DEF","Tottenham",2019,67,7,22,22,1911,1,0,1,1,0,0,4,1,21.2,0.05,0,0.05,0.05,6
"Jannik Vestergaard","dk DEN",25,1992,"DEF","Southampton",2019,50,0,23,23,2027,0,0,0,0,0,0,2,0,22.5,0,0,0,0,4
"Jason Puncheon","eng ENG",32,1986,"MID","Crystal Palace",2019,15,0,11,5,395,0,0,0,0,0,0,1,0,2.15,0,0,0,0,1
"Javier Hernandez","mx MEX",30,1988,"FWD","West Ham",2019,86,10,25,14,1334,7,1,8,7,0,0,2,0,14.8,0.47,0.07,0.54,0.47,6
"Javier Manquillo","es ESP",24,1994,"DEF","Newcastle Utd",2019,53,5,18,12,1101,0,3,3,0,0,0,2,0,12.2,0,0.25,0.25,0,4
"Jazz Richards","wls WAL",27,1991,"DEF","Cardiff City",2019,2,0,4,0,132,0,0,0,0,0,0,0,0,1.5,0,0,0,0,0
"Jean Seri","ci CIV",27,1991,"MID","Fulham",2019,72,6,32,27,2244,1,2,3,1,0,0,6,0,24.9,0.04,0.08,0.12,0.04,3
"Jeff Hendrick","ie IRL",26,1992,"MID","Burnley",2019,73,3,32,25,2063,3,0,3,3,0,0,4,0,22.9,0.13,0,0.13,0.13,4
"Jefferson Lerma","co COL",23,1994,"MID","Bournemouth",2019,75,6,30,29,2506,2,0,2,2,0,0,12,0,27.8,0.07,0,0.07,0.07,9
"Jeffrey Schlupp","gh GHA",25,1992,"DEF","Crystal Palace",2019,91,3,30,18,1670,4,1,5,4,0,0,1,0,18.6,0.22,0.05,0.27,0.22,4
"Jermain Defoe","eng ENG",35,1982,"FWD","Bournemouth",2019,4,0,4,0,25,0,0,0,0,0,0,0,0,0.3,0,0,0,0,0
"Jesse Lingard","eng ENG",25,1992,"MID","Manchester Utd",2019,78,5,27,19,1663,4,2,6,3,1,1,3,0,18.5,0.22,0.11,0.32,0.16,3
"Joao Moutinho","pt POR",31,1986,"MID","Wolves",2019,119,13,38,35,3032,1,8,9,1,0,0,4,0,33.7,0.03,0.24,0.27,0.03,9
"Joe Bennett","eng ENG",28,1990,"DEF","Cardiff City",2019,77,4,30,30,2639,0,1,1,0,0,0,5,0,29.3,0,0.03,0.03,0,9
"Joe Bryan","eng ENG",24,1993,"DEF","Fulham",2019,52,4,28,27,2345,0,1,1,0,0,0,5,0,26.1,0,0.04,0.04,0,5
"Joe Gomez","eng ENG",21,1997,"DEF","Liverpool",2019,55,2,16,12,1063,0,0,0,0,0,0,2,0,11.8,0,0,0,0,7
"Joe Hart","eng ENG",31,1987,"GKP","Burnley",2019,69,7,19,19,1710,0,0,0,0,0,0,0,0,19,0,0,0,0,4
"Joe Ralls","eng ENG",24,1993,"MID","Cardiff City",2019,45,0,28,22,1959,0,0,0,0,0,1,4,1,21.8,0,0,0,0,5
"Joe Willock","eng ENG",18,1999,"MID","Arsenal",2019,4,0,2,1,64,0,0,0,0,0,0,0,0,0.7,0,0,0,0,1
"Joel Coleman","eng ENG",22,1995,"GKP","Huddersfield",2019,2,0,1,1,90,0,0,0,0,0,0,0,0,1,0,0,0,0,0
"Joel Matip","cm CMR",26,1991,"DEF","Liverpool",2019,83,7,22,17,1537,1,0,1,1,0,0,3,0,17.1,0.06,0,0.06,0.06,9
"Joel Ward","eng ENG",28,1989,"DEF","Crystal Palace",2019,13,0,7,6,552,1,0,1,1,0,0,1,0,6.1,0.16,0,0.16,0.16,0
"Johann Berg Gudmundsson","is ISL",27,1990,"MID","Burnley",2019,92,6,29,19,1752,3,6,9,3,0,0,2,0,19.5,0.15,0.31,0.46,0.15,5
"John Ruddy","eng ENG",31,1986,"GKP","Wolves",2019,7,0,1,1,90,0,0,0,0,0,0,0,0,1,0,0,0,0,1
"John Stones","eng ENG",24,1994,"DEF","Manchester City",2019,83,9,24,20,1764,0,0,0,0,0,0,1,0,19.6,0,0,0,0,9
"Jon Gorenc Stankovic","si SVN",22,1996,"DEF","Huddersfield",2019,24,2,11,9,715,1,0,1,1,0,0,2,0,7.9,0.13,0,0.13,0.13,2
"Jonas Lossl","dk DEN",29,1989,"GKP","Huddersfield",2019,99,9,31,30,2778,0,1,1,0,0,0,1,0,30.9,0,0.03,0.03,0,5
"Jonathan Hogg","eng ENG",29,1988,"MID","Huddersfield",2019,54,3,29,29,2367,0,1,1,0,0,0,8,1,26.3,0,0.04,0.04,0,5
"Jonjo Shelvey","eng ENG",26,1992,"MID","Newcastle Utd",2019,39,2,16,10,948,1,1,2,1,0,0,1,0,10.5,0.09,0.09,0.19,0.09,5
"Jonjoe Kenny","eng ENG",21,1997,"DEF","Everton",2019,19,0,10,8,791,0,1,1,0,0,0,1,0,8.8,0,0.11,0.11,0,1
"Jonny Castro","es ESP",24,1994,"DEF","Wolves",2019,103,9,33,32,2771,1,1,2,1,0,0,6,0,30.8,0.03,0.03,0.06,0.03,8
"Jonny Evans","nir NIR",30,1988,"DEF","Leicester City",2019,77,3,24,21,1996,1,0,1,1,0,0,2,0,22.2,0.05,0,0.05,0.05,8
"Jordan Ayew","gh GHA",26,1991,"FWD","Crystal Palace",2019,46,2,20,14,1181,1,2,3,1,0,0,3,0,13.1,0.08,0.15,0.23,0.08,5
"Jordan Henderson","eng ENG",28,1990,"MID","Liverpool",2019,76,2,32,21,1987,1,3,4,1,0,0,2,1,22.1,0.05,0.14,0.18,0.05,12
"Jordan Pickford","eng ENG",24,1994,"GKP","Everton",2019,161,13,38,38,3420,0,0,0,0,0,0,1,0,38,0,0,0,0,14
"Jordon Ibe","eng ENG",22,1995,"MID","Bournemouth",2019,33,0,19,9,797,1,1,2,1,0,0,1,0,8.9,0.11,0.11,0.23,0.11,1
"Jorginho","it ITA",26,1991,"MID","Chelsea",2019,96,4,37,37,3156,2,0,2,1,1,1,8,0,35.1,0.06,0,0.06,0.03,16
"Jose Holebas","gr GRE",34,1984,"DEF","Watford",2019,93,10,28,27,2393,3,6,9,3,0,0,12,1,26.6,0.11,0.23,0.34,0.11,5
"Jose Izquierdo","co COL",26,1992,"MID","Brighton",2019,31,0,15,9,795,0,1,1,0,0,0,1,0,8.8,0,0.11,0.11,0,3
"Joselu","es ESP",28,1990,"FWD","Newcastle Utd",2019,30,3,16,5,596,2,0,2,2,0,0,1,0,6.6,0.3,0,0.3,0.3,1
"Josh Murphy","eng ENG",23,1995,"MID","Cardiff City",2019,76,3,29,22,1817,3,2,5,3,0,0,2,0,20.2,0.15,0.1,0.25,0.15,7
"Josh Sims","eng ENG",21,1997,"MID","Southampton",2019,11,0,7,2,212,0,1,1,0,0,0,0,0,2.4,0,0.42,0.42,0,0
"Joshua King","no NOR",26,1992,"FWD","Bournemouth",2019,141,20,35,34,2961,12,3,15,7,5,6,3,0,32.9,0.36,0.09,0.46,0.21,10
"Juan Foyth","ar ARG",20,1998,"DEF","Tottenham",2019,35,4,12,10,888,1,0,1,1,0,0,3,1,9.9,0.1,0,0.1,0.1,3
"Juan Mata","es ESP",30,1988,"MID","Manchester Utd",2019,70,7,22,16,1289,3,2,5,3,0,0,3,0,14.3,0.21,0.14,0.35,0.21,5
"Julian Speroni","ar ARG",39,1979,"GKP","Crystal Palace",2019,1,0,1,1,90,0,0,0,0,0,0,0,0,1,0,0,0,0,0
"Juninho Bacuna","cw CUW",20,1997,"DEF","Huddersfield",2019,17,0,21,16,1412,1,0,1,1,0,0,4,0,15.7,0.06,0,0.06,0.06,1
"Junior Hoilett","ca CAN",28,1990,"MID","Cardiff City",2019,82,4,32,23,2141,3,1,4,3,0,0,4,0,23.8,0.13,0.04,0.17,0.13,6
"Junior Stanislas","eng ENG",28,1989,"MID","Bournemouth",2019,56,3,23,11,1031,2,3,5,1,1,1,1,0,11.5,0.17,0.26,0.44,0.09,2
"Jurgen Locadia","nl NED",24,1993,"FWD","Brighton",2019,52,6,26,12,1236,2,0,2,2,0,0,1,0,13.7,0.15,0,0.15,0.15,3
"Kadeem Harris","eng ENG",25,1993,"MID","Cardiff City",2019,24,0,13,3,375,1,0,1,1,0,0,1,0,4.2,0.24,0,0.24,0.24,1
"Karlan Grant","eng ENG",20,1997,"FWD","Huddersfield",2019,45,5,13,9,877,4,0,4,4,0,0,0,0,9.7,0.41,0,0.41,0.41,1
"Kasper Schmeichel","dk DEN",31,1986,"GKP","Leicester City",2019,120,6,38,38,3420,0,0,0,0,0,0,3,0,38,0,0,0,0,10
"Kayne Ramsey","eng ENG",17,2000,"DEF","Southampton",2019,1,0,1,1,90,0,0,0,0,0,0,0,0,1,0,0,0,0,0
"Kelechi Iheanacho","ng NGA",21,1996,"FWD","Leicester City",2019,58,3,30,9,941,1,3,4,1,0,0,2,0,10.5,0.1,0.29,0.38,0.1,1
"Ken Sema","se SWE",24,1993,"MID","Watford",2019,37,1,17,9,754,1,2,3,1,0,0,1,0,8.4,0.12,0.24,0.36,0.12,3
"Kenedy","br BRA",22,1996,"MID","Newcastle Utd",2019,50,1,25,14,1348,1,1,2,1,0,1,1,0,15,0.07,0.07,0.13,0.07,6
"Kenneth Zohore","dk DEN",24,1994,"FWD","Cardiff City",2019,33,2,19,7,753,1,1,2,1,0,0,1,0,8.4,0.12,0.12,0.24,0.12,2
"Kepa Arrizabalaga","es ESP",23,1994,"GKP","Chelsea",2019,142,7,36,36,3240,0,0,0,0,0,0,2,0,36,0,0,0,0,14
"Kevin De Bruyne","be BEL",27,1991,"MID","Manchester City",2019,59,8,19,11,975,2,2,4,2,0,0,2,0,10.8,0.18,0.18,0.37,0.18,6
"Kevin Long","ie IRL",27,1990,"DEF","Burnley",2019,16,0,6,5,514,0,1,1,0,0,0,0,0,5.7,0,0.18,0.18,0,1
"Kevin McDonald","sct SCO",29,1988,"MID","Fulham",2019,17,0,15,10,841,0,0,0,0,0,0,5,1,9.3,0,0,0,0,0
"Ki Sung-yueng","kr KOR",29,1989,"MID","Newcastle Utd",2019,38,1,18,14,1302,0,1,1,0,0,0,2,0,14.5,0,0.07,0.07,0,4
"Kieran Trippier","eng ENG",27,1990,"DEF","Tottenham",2019,118,16,27,26,2276,1,3,4,1,0,0,2,0,25.3,0.04,0.12,0.16,0.04,10
"Kiko Femenia","es ESP",27,1991,"DEF","Watford",2019,66,6,29,22,2049,1,1,2,1,0,0,1,0,22.8,0.04,0.04,0.09,0.04,4
"Konstantinos Mavropanos","gr GRE",20,1997,"DEF","Arsenal",2019,3,0,4,3,148,0,0,0,0,0,0,1,0,1.6,0,0,0,0,0
"Kurt Zouma","fr FRA",23,1994,"DEF","Everton",2019,112,12,32,29,2612,2,2,4,2,0,0,4,1,29,0.07,0.07,0.14,0.07,10
"Kyle Walker","eng ENG",28,1990,"DEF","Manchester City",2019,150,11,33,30,2779,1,1,2,1,0,0,3,0,30.9,0.03,0.03,0.06,0.03,18
"Kyle Walker-Peters","eng ENG",21,1997,"DEF","Tottenham",2019,28,4,6,4,376,0,3,3,0,0,0,1,0,4.2,0,0.72,0.72,0,2
"Laurent Depoitre","be BEL",29,1988,"FWD","Huddersfield",2019,34,0,23,10,1068,0,1,1,0,0,0,1,0,11.9,0,0.08,0.08,0,0
"Laurent Koscielny","fr FRA",32,1985,"DEF","Arsenal",2019,62,8,17,13,1331,3,0,3,3,0,0,1,0,14.8,0.2,0,0.2,0.2,3
"Lazar Markovic","rs SRB",24,1994,"MID","Fulham",2019,1,0,1,0,45,0,0,0,0,0,0,0,0,0.5,0,0,0,0,0
"Leander Dendoncker","be BEL",23,1995,"MID","Wolves",2019,48,1,19,17,1467,2,0,2,2,0,0,1,0,16.3,0.12,0,0.12,0.12,3
"Leandro Bacuna","cw CUW",26,1991,"DEF","Cardiff City",2019,17,0,11,4,561,0,0,0,0,0,0,2,0,6.2,0,0,0,0,1
"Lee Peltier","eng ENG",31,1986,"DEF","Cardiff City",2019,43,1,20,17,1544,0,0,0,0,0,0,4,0,17.2,0,0,0,0,5
"Leighton Baines","eng ENG",33,1984,"DEF","Everton",2019,7,0,6,5,375,0,0,0,0,0,0,0,0,4.2,0,0,0,0,0
"Leo Bonatini","br BRA",24,1994,"FWD","Wolves",2019,10,0,7,0,135,0,1,1,0,0,0,0,0,1.5,0,0.67,0.67,0,0
"Leon Balogun","ng NGA",30,1988,"DEF","Brighton",2019,15,0,8,5,594,1,0,1,1,0,0,2,0,6.6,0.15,0,0.15,0.15,0
"Leroy Sane","de GER",22,1996,"MID","Manchester City",2019,156,13,31,21,1867,10,10,20,10,0,0,1,0,20.7,0.48,0.48,0.96,0.48,9
"Lewis Cook","eng ENG",21,1997,"MID","Bournemouth",2019,22,0,13,8,723,0,0,0,0,0,0,2,0,8,0,0,0,0,3
"Lewis Dunk","eng ENG",26,1991,"DEF","Brighton",2019,91,6,36,36,3151,2,1,3,2,0,0,6,1,35,0.06,0.03,0.09,0.06,7
"Loic Damour","fr FRA",27,1991,"MID","Cardiff City",2019,2,0,2,0,23,0,0,0,0,0,0,0,0,0.3,0,0,0,0,0
"Lucas Digne","fr FRA",25,1993,"DEF","Everton",2019,158,22,35,33,2965,4,4,8,4,0,0,5,1,32.9,0.12,0.12,0.24,0.12,13
"Lucas Moura","br BRA",25,1992,"MID","Tottenham",2019,131,8,32,25,2121,10,0,10,10,0,0,3,0,23.6,0.42,0,0.42,0.42,14
"Lucas Perez","es ESP",29,1988,"FWD","West Ham",2019,33,5,15,4,475,3,0,3,3,0,0,0,0,5.3,0.57,0,0.57,0.57,0
"Lucas Torreira","uy URU",22,1996,"MID","Arsenal",2019,78,6,34,24,2382,2,2,4,2,0,0,7,1,26.5,0.08,0.08,0.15,0.08,5
"Luciano Vietto","ar ARG",24,1993,"FWD","Fulham",2019,47,4,20,10,986,1,4,5,1,0,0,1,0,11,0.09,0.37,0.46,0.09,1
"Luka Milivojevic","rs SRB",27,1991,"MID","Crystal Palace",2019,166,24,38,38,3420,12,2,14,2,10,11,10,0,38,0.32,0.05,0.37,0.05,12
"Lukasz Fabianski","pl POL",33,1985,"GKP","West Ham",2019,143,15,38,38,3420,0,0,0,0,0,0,0,0,38,0,0,0,0,7
"Luke Amos","eng ENG",21,1997,"MID","Tottenham",2019,1,0,1,0,3,0,0,0,0,0,0,0,0,0,0,0,0,0,0
"Luke Dreher","eng ENG",19,1998,"MID","Crystal Palace",2019,1,0,1,0,1,0,0,0,0,0,0,0,0,0,0,0,0,0,0
"Luke Shaw","eng ENG",23,1995,"DEF","Manchester Utd",2019,91,11,29,29,2591,1,4,5,1,0,0,11,0,28.8,0.03,0.14,0.17,0.03,6
"Lys Mousset","fr FRA",22,1996,"FWD","Bournemouth",2019,28,0,24,1,368,1,0,1,1,0,0,1,0,4.1,0.24,0,0.24,0.24,0
"Mamadou Sakho","fr FRA",28,1990,"DEF","Crystal Palace",2019,88,13,27,27,2416,0,0,0,0,0,0,2,0,26.8,0,0,0,0,9
"Manolo Gabbiadini","it ITA",26,1991,"FWD","Southampton",2019,23,3,12,4,476,1,0,1,1,0,0,0,0,5.3,0.19,0,0.19,0.19,0
"Manuel Lanzini","ar ARG",25,1993,"MID","West Ham",2019,31,3,10,8,686,1,1,2,1,0,0,2,0,7.6,0.13,0.13,0.26,0.13,2
"Marc Albrighton","eng ENG",28,1989,"MID","Leicester City",2019,63,4,27,18,1625,2,2,4,2,0,0,3,0,18.1,0.11,0.11,0.22,0.11,5
"Marc Navarro","es ESP",23,1995,"DEF","Watford",2019,2,0,2,1,84,0,0,0,0,0,0,0,0,0.9,0,0,0,0,0
"Marcos Alonso","es ESP",27,1990,"DEF","Chelsea",2019,161,21,31,31,2759,2,4,6,2,0,0,6,0,30.7,0.07,0.13,0.2,0.07,14
"Marcos Rojo","ar ARG",28,1990,"DEF","Manchester Utd",2019,2,0,5,2,212,0,0,0,0,0,0,2,0,2.4,0,0,0,0,0
"Marcus Bettinelli","eng ENG",26,1992,"GKP","Fulham",2019,15,0,7,7,630,0,0,0,0,0,0,1,0,7,0,0,0,0,0
"Marcus Rashford","eng ENG",20,1997,"FWD","Manchester Utd",2019,128,14,33,26,2334,10,6,16,10,0,0,3,1,25.9,0.39,0.23,0.62,0.39,6
"Mario Lemina","ga GAB",24,1993,"MID","Southampton",2019,50,2,21,18,1613,1,1,2,1,0,0,5,0,17.9,0.06,0.06,0.11,0.06,4
"Mark Noble","eng ENG",31,1987,"MID","West Ham",2019,99,5,31,29,2291,5,5,10,1,4,4,6,1,25.5,0.2,0.2,0.39,0.04,7
"Mark Travers","ie IRL",19,1999,"GKP","Bournemouth",2019,9,1,2,2,180,0,0,0,0,0,0,0,0,2,0,0,0,0,1
"Marko Arnautovic","at AUT",29,1989,"FWD","West Ham",2019,117,15,28,24,1990,10,4,14,9,1,1,3,0,22.1,0.45,0.18,0.63,0.41,4
"Marouane Fellaini","be BEL",30,1987,"MID","Manchester Utd",2019,26,0,14,6,752,0,1,1,0,0,0,1,0,8.4,0,0.12,0.12,0,1
"Martin Dubravka","sk SVK",29,1989,"GKP","Newcastle Utd",2019,131,10,38,38,3420,0,0,0,0,0,0,1,0,38,0,0,0,0,11
"Martin Kelly","eng ENG",28,1990,"DEF","Crystal Palace",2019,26,1,13,12,1111,0,0,0,0,0,0,2,0,12.3,0,0,0,0,3
"Martin Montoya","es ESP",27,1991,"DEF","Brighton",2019,45,1,25,24,2167,0,1,1,0,0,0,4,0,24.1,0,0.04,0.04,0,3
"Mason Greenwood","eng ENG",16,2001,"FWD","Manchester Utd",2019,4,0,3,1,117,0,0,0,0,0,0,0,0,1.3,0,0,0,0,0
"Mason Holgate","eng ENG",21,1996,"DEF","Everton",2019,5,0,5,4,408,0,0,0,0,0,0,1,0,4.5,0,0,0,0,0
"Matej Vydra","cz CZE",26,1992,"FWD","Burnley",2019,21,0,13,3,318,1,1,2,1,0,0,1,0,3.5,0.28,0.28,0.57,0.28,0
"Mateo Kovacic","hr CRO",24,1994,"MID","Chelsea",2019,64,2,32,21,1735,0,2,2,0,0,0,3,0,19.3,0,0.1,0.1,0,9
"Mathew Ryan","au AUS",26,1992,"GKP","Brighton",2019,104,11,34,34,3060,0,0,0,0,0,0,2,0,34,0,0,0,0,6
"Mathias Jorgensen","dk DEN",28,1990,"DEF","Huddersfield",2019,67,4,24,24,2147,3,1,4,3,0,0,6,0,23.9,0.13,0.04,0.17,0.13,3
"Matt Doherty","ie IRL",26,1992,"DEF","Wolves",2019,144,12,38,35,3144,4,5,9,4,0,0,5,0,34.9,0.11,0.14,0.26,0.11,8
"Matt Ritchie","sct SCO",28,1989,"MID","Newcastle Utd",2019,110,7,36,35,2928,2,8,10,1,1,2,9,0,32.5,0.06,0.25,0.31,0.03,10
"Matt Targett","eng ENG",22,1995,"DEF","Southampton",2019,36,3,16,13,1186,1,3,4,1,0,0,2,0,13.2,0.08,0.23,0.3,0.08,0
"Matteo Darmian","it ITA",28,1989,"DEF","Manchester Utd",2019,14,2,6,5,443,0,0,0,0,0,0,0,0,4.9,0,0,0,0,1
"Matteo Guendouzi","fr FRA",19,1999,"MID","Arsenal",2019,47,0,33,23,2149,0,0,0,0,0,0,9,0,23.9,0,0,0,0,3
"Matthew Lowton","eng ENG",29,1989,"DEF","Burnley",2019,34,1,21,19,1750,0,0,0,0,0,0,7,0,19.4,0,0,0,0,4
"Matty Daly","eng ENG",17,2001,"MID","Huddersfield",2019,2,0,2,0,75,0,0,0,0,0,0,0,0,0.8,0,0,0,0,0
"Max Kilman","eng ENG",21,1997,"DEF","Wolves",2019,1,0,1,0,1,0,0,0,0,0,0,0,0,0,0,0,0,0,0
"Max Meyer","de GER",22,1995,"MID","Crystal Palace",2019,60,0,29,15,1416,1,2,3,1,0,0,3,0,15.7,0.06,0.13,0.19,0.06,6
"Maxime Le Marchand","fr FRA",28,1989,"DEF","Fulham",2019,38,1,26,25,2250,0,1,1,0,0,0,5,0,25,0,0.04,0.04,0,3
"Maya Yoshida","jp JPN",29,1988,"DEF","Southampton",2019,44,4,17,17,1518,0,1,1,0,0,0,0,0,16.9,0,0.06,0.06,0,3
"Mesut Ozil","de GER",29,1988,"MID","Arsenal",2019,89,9,24,20,1735,5,2,7,5,0,0,2,0,19.3,0.26,0.1,0.36,0.26,5
"Michael Keane","eng ENG",25,1993,"DEF","Everton",2019,129,15,33,33,2969,1,2,3,1,0,0,2,0,33,0.03,0.06,0.09,0.03,13
"Michael Obafemi","ie IRL",18,2000,"FWD","Southampton",2019,13,0,6,1,137,1,1,2,1,0,0,1,0,1.5,0.66,0.66,1.31,0.66,0
"Michail Antonio","jm JAM",28,1990,"MID","West Ham",2019,118,6,33,22,2103,6,4,10,6,0,0,3,0,23.4,0.26,0.17,0.43,0.26,7
"Michel Vorm","nl NED",34,1983,"GKP","Tottenham",2019,5,1,2,2,180,0,0,0,0,0,0,0,0,2,0,0,0,0,0
"Michy Batshuayi","be BEL",24,1993,"FWD","Crystal Palace",2019,48,5,11,9,750,5,0,5,5,0,0,0,0,8.3,0.6,0,0.6,0.6,3
"Miguel Almiron","py PAR",24,1994,"MID","Newcastle Utd",2019,28,0,10,9,759,0,0,0,0,0,0,0,0,8.4,0,0,0,0,3
"Miguel Britos","uy URU",33,1985,"DEF","Watford",2019,3,0,3,2,185,0,0,0,0,0,0,0,0,2.1,0,0,0,0,0
"Mohamed Diame","sn SEN",31,1987,"MID","Newcastle Utd",2019,56,0,29,24,2166,0,0,0,0,0,0,3,0,24.1,0,0,0,0,7
"Mohamed Elneny","eg EGY",26,1992,"MID","Arsenal",2019,10,0,8,5,380,0,0,0,0,0,0,0,0,4.2,0,0,0,0,0
"Mohamed Elyounoussi","no NOR",23,1994,"MID","Southampton",2019,28,0,16,8,793,0,0,0,0,0,0,0,0,8.8,0,0,0,0,4
"Mohamed Salah","eg EGY",26,1992,"MID","Liverpool",2019,259,18,38,37,3250,22,8,30,19,3,3,1,0,36.1,0.61,0.22,0.83,0.53,21
"Morgan Gibbs-White","eng ENG",18,2000,"MID","Wolves",2019,37,0,26,5,663,0,1,1,0,0,0,1,0,7.4,0,0.14,0.14,0,4
"Morgan Schneiderlin","fr FRA",28,1989,"MID","Everton",2019,28,0,14,10,834,0,1,1,0,0,0,2,0,9.3,0,0.11,0.11,0,5
"Mousa Dembele","be BEL",31,1987,"MID","Tottenham",2019,14,0,10,7,515,0,0,0,0,0,0,1,0,5.7,0,0,0,0,1
"Moussa Sissoko","fr FRA",28,1989,"MID","Tottenham",2019,76,3,29,27,2330,0,3,3,0,0,0,2,0,25.9,0,0.12,0.12,0,11
"N'Golo Kante","fr FRA",27,1991,"MID","Chelsea",2019,116,3,36,36,3092,4,4,8,4,0,0,3,0,34.4,0.12,0.12,0.23,0.12,14
"Naby Keita","gn GUI",23,1995,"MID","Liverpool",2019,67,3,25,16,1390,2,1,3,2,0,0,0,0,15.4,0.13,0.06,0.19,0.13,10
"Nacho Monreal","es ESP",32,1986,"DEF","Arsenal",2019,77,7,22,21,1861,1,3,4,1,0,0,5,0,20.7,0.05,0.15,0.19,0.05,5
"Nampalys Mendy","sn SEN",26,1992,"MID","Leicester City",2019,58,0,31,23,2092,0,0,0,0,0,0,5,0,23.2,0,0,0,0,7
"Nathan Ake","nl NED",23,1995,"DEF","Bournemouth",2019,120,8,38,38,3411,4,0,4,4,0,0,3,0,37.9,0.11,0,0.11,0.11,10
"Nathan Redmond","eng ENG",24,1994,"MID","Southampton",2019,137,12,38,36,3270,6,4,10,6,0,0,3,0,36.3,0.17,0.11,0.28,0.17,9
"Nathaniel Chalobah","eng ENG",23,1994,"MID","Watford",2019,10,0,9,3,270,0,0,0,0,0,0,2,0,3,0,0,0,0,0
"Nathaniel Clyne","eng ENG",27,1991,"DEF","Bournemouth",2019,34,0,18,14,1254,0,1,1,0,0,0,2,0,6.95,0,0.04,0.04,0,3
"Nathaniel Mendez-Laing","gt GUA",26,1992,"MID","Cardiff City",2019,63,6,20,11,985,4,1,5,3,1,1,0,0,10.9,0.37,0.09,0.46,0.27,4
"Neeskens Kebano","cd COD",26,1992,"MID","Fulham",2019,7,0,7,0,108,0,0,0,0,0,0,0,0,1.2,0,0,0,0,0
"Neil Etheridge","ph PHI",28,1990,"GKP","Cardiff City",2019,154,18,38,38,3420,0,0,0,0,0,0,2,0,38,0,0,0,0,10
"Nemanja Matic","rs SRB",29,1988,"MID","Manchester Utd",2019,59,2,28,28,2436,1,0,1,1,0,0,7,1,27.1,0.04,0,0.04,0.04,6
"Nicolas Otamendi","ar ARG",30,1988,"DEF","Manchester City",2019,70,5,18,14,1236,0,0,0,0,0,0,1,0,13.7,0,0,0,0,9
"Oleksandr Zinchenko","ua UKR",21,1996,"MID","Manchester City",2019,44,1,14,14,1151,0,3,3,0,0,0,1,0,12.8,0,0.23,0.23,0,9
"Oliver Skipp","eng ENG",17,2000,"MID","Tottenham",2019,12,0,8,2,220,0,0,0,0,0,0,0,0,2.4,0,0,0,0,2
"Olivier Giroud","fr FRA",31,1986,"FWD","Chelsea",2019,55,2,27,7,847,2,4,6,2,0,0,1,0,9.4,0.21,0.43,0.64,0.21,6
"Oriol Romeu","es ESP",26,1991,"MID","Southampton",2019,55,3,31,25,2136,1,0,1,1,0,0,11,0,23.7,0.04,0,0.04,0.04,6
"Oumar Niasse","sn SEN",28,1990,"FWD","Cardiff City",2019,30,0,18,12,994,0,0,0,0,0,0,0,0,5.5,0,0,0,0,5
"Pablo Zabaleta","ar ARG",33,1985,"DEF","West Ham",2019,56,4,26,23,2092,0,1,1,0,0,0,4,0,23.2,0,0.04,0.04,0,4
"Pape Souare","sn SEN",28,1990,"DEF","Crystal Palace",2019,1,0,1,0,1,0,0,0,0,0,0,0,0,0,0,0,0,0,0
"Pascal Gross","de GER",27,1991,"MID","Brighton",2019,80,12,25,24,1864,3,3,6,2,1,2,1,0,20.7,0.14,0.14,0.29,0.1,3
"Patrick van Aanholt","nl NED",27,1990,"DEF","Crystal Palace",2019,140,17,36,36,3195,3,2,5,3,0,0,3,0,35.5,0.08,0.06,0.14,0.08,12
"Paul Dummett","wls WAL",26,1991,"DEF","Newcastle Utd",2019,67,3,26,21,1990,0,0,0,0,0,0,1,0,22.1,0,0,0,0,7
"Paul Pogba","fr FRA",25,1993,"MID","Manchester Utd",2019,179,19,35,34,3006,13,9,22,6,7,10,6,0,33.4,0.39,0.27,0.66,0.18,8
"Paulo Gazzaniga","ar ARG",26,1992,"GKP","Tottenham",2019,13,0,3,3,270,0,0,0,0,0,0,0,0,3,0,0,0,0,1
"Pedro","es ESP",31,1987,"MID","Chelsea",2019,112,12,31,21,1778,8,2,10,8,0,0,2,0,19.8,0.4,0.1,0.51,0.4,7
"Pedro Obiang","gq EQG",26,1992,"MID","West Ham",2019,43,1,24,12,1128,0,1,1,0,0,0,0,0,12.5,0,0.08,0.08,0,2
"Peter Crouch","eng ENG",37,1981,"FWD","Burnley",2019,8,0,6,0,92,0,0,0,0,0,0,1,0,1,0,0,0,0,0
"Petr Cech","cz CZE",36,1982,"GKP","Arsenal",2019,24,3,7,7,584,0,0,0,0,0,0,0,0,6.5,0,0,0,0,1
"Phil Bardsley","sct SCO",33,1985,"DEF","Burnley",2019,33,0,19,19,1670,0,0,0,0,0,0,9,0,18.6,0,0,0,0,4
"Phil Foden","eng ENG",18,2000,"MID","Manchester City",2019,25,3,13,3,335,1,0,1,1,0,0,0,0,3.7,0.27,0,0.27,0.27,2
"Phil Jagielka","eng ENG",35,1982,"DEF","Everton",2019,22,3,7,4,331,1,0,1,1,0,0,0,1,3.7,0.27,0,0.27,0.27,2
"Phil Jones","eng ENG",26,1992,"DEF","Manchester Utd",2019,43,3,18,15,1263,0,1,1,0,0,0,1,0,14,0,0.07,0.07,0,3
"Philip Billing","dk DEN",22,1996,"MID","Huddersfield",2019,63,4,27,25,2188,2,0,2,2,0,0,7,0,24.3,0.08,0,0.08,0.08,5
"Pierre Hojbjerg","dk DEN",22,1995,"MID","Southampton",2019,90,8,31,31,2760,4,3,7,4,0,0,8,2,30.7,0.13,0.1,0.23,0.13,4
"Pierre-Emerick Aubameyang","ga GAB",29,1989,"FWD","Arsenal",2019,205,32,36,30,2726,22,5,27,18,4,5,0,0,30.3,0.73,0.17,0.89,0.59,7
"Rachid Ghezzal","dz ALG",26,1992,"MID","Leicester City",2019,28,2,19,8,743,1,0,1,1,0,0,3,0,8.3,0.12,0,0.12,0.12,1
"Rafael Camacho","pt POR",18,2000,"MID","Liverpool",2019,1,0,1,0,1,0,0,0,0,0,0,0,0,0,0,0,0,0,0
"Raheem Sterling","eng ENG",23,1994,"MID","Manchester City",2019,234,25,34,31,2771,17,9,26,17,0,0,3,0,30.8,0.55,0.29,0.84,0.55,17
"Rajiv van La Parra","nl NED",27,1991,"MID","Huddersfield",2019,10,0,5,5,405,0,0,0,0,0,0,0,0,4.5,0,0,0,0,1
"Ramadan Sobhi","eg EGY",21,1997,"MID","Huddersfield",2019,4,0,4,0,79,0,0,0,0,0,0,0,0,0.9,0,0,0,0,0
"Raul Jimenez","mx MEX",27,1991,"FWD","Wolves",2019,181,31,38,36,3111,13,7,20,11,2,2,4,0,34.6,0.38,0.2,0.58,0.32,12
"Rhys Healey","wls WAL",23,1994,"FWD","Cardiff City",2019,3,0,3,0,52,0,0,0,0,0,0,0,0,0.6,0,0,0,0,0
"Ricardo Pereira","pt POR",24,1993,"DEF","Leicester City",2019,146,22,35,35,3123,2,6,8,2,0,0,7,0,34.7,0.06,0.17,0.23,0.06,10
"Richarlison","br BRA",21,1997,"MID","Everton",2019,153,12,35,32,2665,13,1,14,13,0,0,5,1,29.6,0.44,0.03,0.47,0.44,11
"Riyad Mahrez","dz ALG",27,1991,"MID","Manchester City",2019,102,14,27,14,1343,7,4,11,7,0,1,0,0,14.9,0.47,0.27,0.74,0.47,4
"Rob Holding","eng ENG",22,1995,"DEF","Arsenal",2019,24,5,10,9,807,0,0,0,0,0,0,1,0,9,0,0,0,0,1
"Robbie Brady","ie IRL",26,1992,"MID","Burnley",2019,20,0,16,6,720,0,1,1,0,0,0,3,1,8,0,0.12,0.12,0,1
"Robert Snodgrass","sct SCO",30,1987,"MID","West Ham",2019,85,9,33,25,2220,2,5,7,2,0,0,10,0,24.7,0.08,0.2,0.28,0.08,5
"Roberto Firmino","br BRA",26,1991,"FWD","Liverpool",2019,160,24,34,31,2607,12,6,18,11,1,1,0,0,29,0.41,0.21,0.62,0.38,19
"Roberto Pereyra","ar ARG",27,1991,"MID","Watford",2019,122,13,33,33,2815,6,1,7,6,0,0,3,0,31.3,0.19,0.03,0.22,0.19,6
"Romain Saiss","ma MAR",28,1990,"DEF","Wolves",2019,47,5,19,12,1149,2,0,2,2,0,0,7,0,12.8,0.16,0,0.16,0.16,3
"Romelu Lukaku","be BEL",25,1993,"FWD","Manchester Utd",2019,115,14,32,22,2136,12,0,12,12,0,0,4,0,23.7,0.51,0,0.51,0.51,4
"Ross Barkley","eng ENG",24,1993,"MID","Chelsea",2019,79,5,27,13,1245,3,5,8,3,0,0,1,0,13.8,0.22,0.36,0.58,0.22,7
"Ruben Loftus-Cheek","eng ENG",22,1996,"MID","Chelsea",2019,79,6,24,6,998,6,2,8,6,0,0,0,0,11.1,0.54,0.18,0.72,0.54,5
"Ruben Neves","pt POR",21,1997,"MID","Wolves",2019,104,7,35,34,3007,4,3,7,2,2,2,8,0,33.4,0.12,0.09,0.21,0.06,8
"Ruben Vinagre","pt POR",19,1999,"DEF","Wolves",2019,24,0,17,7,710,0,0,0,0,0,0,1,0,7.9,0,0,0,0,1
"Rui Patricio","pt POR",30,1988,"GKP","Wolves",2019,118,4,37,37,3329,0,0,0,0,0,0,1,0,37,0,0,0,0,8
"Ryan Babel","nl NED",31,1986,"MID","Fulham",2019,75,8,16,15,1251,5,3,8,5,0,0,3,0,13.9,0.36,0.22,0.58,0.36,3
"Ryan Bennett","eng ENG",28,1990,"DEF","Wolves",2019,89,1,34,34,3060,1,0,1,1,0,0,12,0,34,0.03,0,0.03,0.03,9
"Ryan Bertrand","eng ENG",28,1989,"DEF","Southampton",2019,56,1,24,24,2160,1,0,1,1,0,0,8,0,24,0.04,0,0.04,0.04,6
"Ryan Fraser","sct SCO",24,1994,"MID","Bournemouth",2019,181,23,38,35,3166,7,14,21,7,0,0,2,0,35.2,0.2,0.4,0.6,0.2,9
"Ryan Fredericks","eng ENG",25,1992,"DEF","West Ham",2019,38,4,15,12,1086,1,0,1,1,0,0,5,0,12.1,0.08,0,0.08,0.08,3
"Ryan Sessegnon","eng ENG",18,2000,"MID","Fulham",2019,94,3,35,26,2300,2,6,8,2,0,0,0,0,25.6,0.08,0.23,0.31,0.08,3
"Sadio Mane","sn SEN",26,1992,"MID","Liverpool",2019,231,24,36,35,3077,22,1,23,22,0,0,2,0,34.2,0.64,0.03,0.67,0.64,19
"Salomon Rondon","ve VEN",28,1989,"FWD","Newcastle Utd",2019,148,20,32,30,2603,11,7,18,11,0,0,1,0,28.9,0.38,0.24,0.62,0.38,9
"Sam Gallagher","eng ENG",22,1995,"FWD","Southampton",2019,4,0,4,0,34,0,0,0,0,0,0,0,0,0.4,0,0,0,0,0
"Sam Surridge","eng ENG",20,1998,"FWD","Bournemouth",2019,2,0,2,0,13,0,0,0,0,0,0,0,0,0.1,0,0,0,0,0
"Sam Vokes","wls WAL",28,1989,"FWD","Burnley",2019,48,7,20,10,915,3,0,3,3,0,0,0,0,10.2,0.3,0,0.3,0.3,2
"Samir Nasri","fr FRA",31,1987,"MID","West Ham",2019,14,0,5,3,245,0,2,2,0,0,0,0,0,2.7,0,0.73,0.73,0,1
"Scott Dann","eng ENG",31,1987,"DEF","Crystal Palace",2019,23,0,10,7,663,0,1,1,0,0,0,1,0,7.4,0,0.14,0.14,0,2
"Scott McTominay","sct SCO",21,1996,"MID","Manchester Utd",2019,38,4,16,9,867,2,0,2,2,0,0,1,0,9.6,0.21,0,0.21,0.21,1
"Sead Kolasinac","ba BIH",25,1993,"DEF","Arsenal",2019,81,10,24,22,1887,0,5,5,0,0,0,5,0,21,0,0.24,0.24,0,5
"Seamus Coleman","ie IRL",29,1988,"DEF","Everton",2019,125,12,29,29,2558,2,2,4,2,0,0,1,0,28.4,0.07,0.07,0.14,0.07,13
"Sean Longstaff","eng ENG",20,1997,"MID","Newcastle Utd",2019,26,1,9,8,687,1,0,1,1,0,0,2,0,7.6,0.13,0,0.13,0.13,3
"Sean Morrison","eng ENG",27,1991,"DEF","Cardiff City",2019,97,5,34,34,3039,1,3,4,1,0,0,6,0,33.8,0.03,0.09,0.12,0.03,9
"Sebastian Prodl","at AUT",31,1987,"DEF","Watford",2019,1,0,1,0,13,0,0,0,0,0,0,0,0,0.1,0,0,0,0,0
"Serge Aurier","ci CIV",25,1992,"DEF","Tottenham",2019,24,0,8,6,564,0,2,2,0,0,0,1,0,6.3,0,0.32,0.32,0,2
"Sergio Aguero","ar ARG",30,1988,"FWD","Manchester City",2019,201,26,33,31,2459,21,8,29,19,2,2,4,0,27.3,0.77,0.29,1.06,0.7,17
"Sergio Rico","es ESP",24,1993,"GKP","Fulham",2019,86,8,29,29,2610,0,0,0,0,0,0,1,0,29,0,0,0,0,5
"Shane Duffy","ie IRL",26,1992,"DEF","Brighton",2019,115,9,35,35,3087,5,1,6,5,0,0,4,1,34.3,0.15,0.03,0.17,0.15,7
"Shane Long","ie IRL",31,1987,"DEF","Southampton",2019,16,0,26,12,1272,5,1,6,5,0,0,3,0,14.1,0.35,0.07,0.42,0.35,1
"Shinji Okazaki","jp JPN",32,1986,"FWD","Leicester City",2019,25,0,21,1,288,0,1,1,0,0,0,0,0,3.2,0,0.31,0.31,0,0
"Shkodran Mustafi","de GER",26,1992,"DEF","Arsenal",2019,80,5,31,31,2611,2,0,2,2,0,0,9,0,29,0.07,0,0.07,0.07,6
"Simon Francis","eng ENG",33,1985,"DEF","Bournemouth",2019,40,0,17,13,1229,0,2,2,0,0,0,1,0,13.7,0,0.15,0.15,0,4
"Sokratis Papastathopoulos","gr GRE",30,1988,"DEF","Arsenal",2019,64,4,25,25,2198,1,2,3,1,0,0,12,0,24.4,0.04,0.08,0.12,0.04,5
"Sol Bamba","ci CIV",33,1985,"DEF","Cardiff City",2019,95,11,28,28,2474,4,1,5,4,0,0,7,0,27.5,0.15,0.04,0.18,0.15,7
"Solly March","eng ENG",24,1994,"MID","Brighton",2019,94,5,35,30,2463,1,5,6,1,0,0,1,0,27.4,0.04,0.18,0.22,0.04,6
"Son Heung-min","kr KOR",26,1992,"MID","Tottenham",2019,159,17,31,23,2039,12,6,18,12,0,0,2,1,22.7,0.53,0.26,0.79,0.53,10
"Stefan Johansen","no NOR",27,1991,"MID","Fulham",2019,11,0,12,4,417,0,0,0,0,0,0,4,0,4.6,0,0,0,0,0
"Stefano Okaka","it ITA",28,1989,"FWD","Watford",2019,1,0,2,0,24,0,0,0,0,0,0,1,0,0.3,0,0,0,0,0
"Stephan Lichtsteiner","ch SUI",34,1984,"DEF","Arsenal",2019,14,0,14,10,938,0,0,0,0,0,0,3,0,10.4,0,0,0,0,0
"Stephen Ward","ie IRL",32,1985,"DEF","Burnley",2019,7,0,3,3,228,0,0,0,0,0,0,1,0,2.5,0,0,0,0,1
"Steve Cook","eng ENG",27,1991,"DEF","Bournemouth",2019,85,6,31,31,2786,1,1,2,1,0,0,3,0,31,0.03,0.03,0.06,0.03,9
"Steve Mounie","bj BEN",23,1994,"FWD","Huddersfield",2019,69,4,31,19,1778,2,3,5,2,0,0,1,1,19.8,0.1,0.15,0.25,0.1,5
"Steven Davis","nir NIR",33,1985,"MID","Southampton",2019,9,2,3,1,98,0,1,1,0,0,0,0,0,1.1,0,0.92,0.92,0,0
"Steven Defour","be BEL",30,1988,"MID","Burnley",2019,10,0,6,6,448,0,0,0,0,0,0,0,0,5,0,0,0,0,0
"Stuart Armstrong","sct SCO",26,1992,"MID","Southampton",2019,75,3,29,16,1432,3,2,5,3,0,0,2,0,15.9,0.19,0.13,0.31,0.19,5
"Tahith Chong","nl NED",18,1999,"MID","Manchester Utd",2019,2,0,2,0,38,0,0,0,0,0,0,0,0,0.4,0,0,0,0,0
"Terence Kongolo","nl NED",24,1994,"DEF","Huddersfield",2019,60,4,32,32,2716,1,1,2,1,0,0,4,0,30.2,0.03,0.03,0.07,0.03,4
"Theo Walcott","eng ENG",29,1989,"MID","Everton",2019,101,4,37,24,2119,5,2,7,5,0,0,1,0,23.5,0.21,0.08,0.3,0.21,6
"Tim Ream","us USA",30,1987,"DEF","Fulham",2019,50,4,26,25,2047,0,0,0,0,0,0,1,0,22.7,0,0,0,0,5
"Timothy Fosu-Mensah","nl NED",20,1998,"DEF","Fulham",2019,14,1,12,10,793,0,0,0,0,0,0,3,0,8.8,0,0,0,0,1
"Toby Alderweireld","be BEL",29,1989,"DEF","Tottenham",2019,107,7,34,33,2922,0,0,0,0,0,0,3,0,32.5,0,0,0,0,12
"Tom Cairney","sct SCO",27,1991,"MID","Fulham",2019,71,3,31,24,2194,1,1,2,1,0,0,0,0,24.4,0.04,0.04,0.08,0.04,5
"Tom Cleverley","eng ENG",28,1989,"MID","Watford",2019,25,2,13,4,478,1,0,1,1,0,0,2,0,5.3,0.19,0,0.19,0.19,3
"Tom Davies","eng ENG",20,1998,"MID","Everton",2019,26,0,16,10,980,0,0,0,0,0,0,3,0,10.9,0,0,0,0,2
"Tom Heaton","eng ENG",32,1986,"GKP","Burnley",2019,58,4,19,19,1710,0,0,0,0,0,0,3,0,19,0,0,0,0,4
"Tommy Smith","eng ENG",26,1992,"DEF","Huddersfield",2019,9,0,15,13,1141,0,0,0,0,0,0,2,1,12.7,0,0,0,0,1
"Trent Alexander-Arnold","eng ENG",19,1998,"DEF","Liverpool",2019,185,25,29,27,2462,1,12,13,1,0,0,3,0,27.4,0.04,0.44,0.48,0.04,16
"Troy Deeney","eng ENG",30,1988,"FWD","Watford",2019,116,13,32,28,2545,9,5,14,8,1,1,4,1,28.3,0.32,0.18,0.5,0.28,5
"Tyreke Johnson","eng ENG",19,1998,"MID","Southampton",2019,1,0,1,0,1,0,0,0,0,0,0,0,0,0,0,0,0,0,0
"Tyrone Mings","eng ENG",25,1993,"DEF","Bournemouth",2019,5,0,5,2,143,0,0,0,0,0,0,0,0,1.6,0,0,0,0,0
"Vicente Guaita","es ESP",31,1987,"GKP","Crystal Palace",2019,81,8,20,20,1754,0,0,0,0,0,0,2,0,19.5,0,0,0,0,7
"Vicente Iborra","es ESP",30,1988,"MID","Leicester City",2019,9,0,8,3,229,0,0,0,0,0,0,0,0,2.5,0,0,0,0,0
"Victor Camarasa","es ESP",24,1994,"MID","Cardiff City",2019,106,5,32,31,2569,5,4,9,4,1,1,6,0,28.5,0.18,0.14,0.32,0.14,9
"Victor Lindelof","se SWE",24,1994,"DEF","Manchester Utd",2019,85,9,30,29,2601,1,1,2,1,0,0,1,0,28.9,0.03,0.03,0.07,0.03,6
"Victor Moses","ng NGA",27,1990,"DEF","Chelsea",2019,2,0,2,0,28,0,0,0,0,0,0,0,0,0.3,0,0,0,0,0
"Victor Wanyama","ke KEN",27,1991,"MID","Tottenham",2019,24,2,13,4,516,1,0,1,1,0,0,2,0,5.7,0.17,0,0.17,0.17,3
"Vincent Janssen","nl NED",24,1994,"FWD","Tottenham",2019,3,0,3,0,39,0,0,0,0,0,0,0,0,0.4,0,0,0,0,0
"Vincent Kompany","be BEL",32,1986,"DEF","Manchester City",2019,58,4,17,13,1224,1,0,1,1,0,0,6,0,13.6,0.07,0,0.07,0.07,6
"Virgil van Dijk","nl NED",27,1991,"DEF","Liverpool",2019,208,22,38,38,3384,4,2,6,4,0,0,1,0,37.6,0.11,0.05,0.16,0.11,20
"Wayne Hennessey","wls WAL",31,1987,"GKP","Crystal Palace",2019,67,6,18,17,1576,0,0,0,0,0,0,0,0,17.5,0,0,0,0,5
"Wes Morgan","jm JAM",34,1984,"DEF","Leicester City",2019,76,7,22,21,1925,3,0,3,3,0,0,3,2,21.4,0.14,0,0.14,0.14,6
"Wesley Hoedt","nl NED",24,1994,"DEF","Southampton",2019,29,3,13,13,1170,0,0,0,0,0,0,2,0,13,0,0,0,0,4
"Wilfred Ndidi","ng NGA",21,1996,"MID","Leicester City",2019,89,4,38,37,3296,2,0,2,2,0,0,8,0,36.6,0.05,0,0.05,0.05,9
"Wilfried Zaha","ci CIV",25,1992,"FWD","Crystal Palace",2019,143,13,34,34,3036,10,5,15,10,0,0,9,1,33.7,0.3,0.15,0.44,0.3,11
"Will Hughes","eng ENG",23,1995,"MID","Watford",2019,87,5,32,31,2418,2,4,6,2,0,0,5,0,26.9,0.07,0.15,0.22,0.07,7
"Will Norris","eng ENG",24,1993,"GKP","Wolves",2019,1,0,1,0,1,0,0,0,0,0,0,0,0,0,0,0,0,0,0
"Willian","br BRA",29,1988,"MID","Chelsea",2019,108,6,32,26,2097,3,6,9,3,0,0,2,0,23.3,0.13,0.26,0.39,0.13,11
"Willy Boly","ci CIV",27,1991,"DEF","Wolves",2019,120,10,36,36,3167,4,0,4,4,0,0,2,1,35.2,0.11,0,0.11,0.11,8
"Willy Caballero","ar ARG",36,1981,"GKP","Chelsea",2019,13,0,2,2,180,0,0,0,0,0,0,0,0,2,0,0,0,0,2
"Xande Silva","pt POR",21,1997,"FWD","West Ham",2019,1,0,1,0,18,0,0,0,0,0,0,0,0,0.2,0,0,0,0,0
"Xherdan Shaqiri","ch SUI",26,1991,"MID","Liverpool",2019,88,4,24,11,1064,6,3,9,6,0,0,2,0,11.8,0.51,0.25,0.76,0.51,7
"Yan Valery","tn TUN",19,1999,"DEF","Southampton",2019,54,0,23,20,1712,2,1,3,2,0,0,4,1,19,0.11,0.05,0.16,0.11,3
"Yerry Mina","co COL",23,1994,"DEF","Everton",2019,36,2,13,10,892,1,0,1,1,0,0,3,0,9.9,0.1,0,0.1,0.1,3
"Yoshinori Muto","jp JPN",26,1992,"FWD","Newcastle Utd",2019,24,0,17,5,524,1,0,1,1,0,0,1,0,5.8,0.17,0,0.17,0.17,1
"Youri Tielemans","be BEL",21,1997,"MID","Leicester City",2019,63,6,13,13,1086,3,4,7,3,0,0,2,0,12.1,0.25,0.33,0.58,0.25,3
"Yves Bissouma","ml MLI",21,1996,"MID","Brighton",2019,43,0,28,17,1774,0,0,0,0,0,0,5,0,19.7,0,0,0,0,3
